-- 用户
INSERT INTO VTL_USER (ID, USERNAME, PASSWORD, PWD_SALT, NICKNAME, ID_CARD_NUMBER, GENDER, EMAIL, MOBILE_PHONE, SECRET_KEY_2FA, DISABLED, DELETED, CREATE_BY, CREATE_TIME, UPDATE_BY, UPDATE_TIME) VALUES(1, 'admin', '$2a$10$IQsJol0i/mlvXoBn.VeZLe2gypGLIC3DBLu5fs3fo34fGLOuSTEkK', '$2a$10$IQsJol0i/mlvXoBn.VeZLe', '管理员', NULL, 'male',   'mengweijin.work@foxmail.com', '12345678910', NULL, 0, 0, 1, CURRENT_TIMESTAMP(), 1, CURRENT_TIMESTAMP());
INSERT INTO VTL_USER (ID, USERNAME, PASSWORD, PWD_SALT, NICKNAME, ID_CARD_NUMBER, GENDER, EMAIL, MOBILE_PHONE, SECRET_KEY_2FA, DISABLED, DELETED, CREATE_BY, CREATE_TIME, UPDATE_BY, UPDATE_TIME) VALUES(2, 'guest', '$2a$10$IQsJol0i/mlvXoBn.VeZLe2gypGLIC3DBLu5fs3fo34fGLOuSTEkK', '$2a$10$IQsJol0i/mlvXoBn.VeZLe', '游客',   NULL, 'female', 'guest@aday.fun',              '12345678910', NULL, 0, 0, 1, CURRENT_TIMESTAMP(), 1, CURRENT_TIMESTAMP());

-- 用户-角色
INSERT INTO VTL_USER_ROLE_RLT (ID, USER_ID, ROLE_ID, CREATE_BY, CREATE_TIME, UPDATE_BY, UPDATE_TIME) VALUES (1, 1, 1, 1, CURRENT_TIMESTAMP(), 1, CURRENT_TIMESTAMP());
INSERT INTO VTL_USER_ROLE_RLT (ID, USER_ID, ROLE_ID, CREATE_BY, CREATE_TIME, UPDATE_BY, UPDATE_TIME) VALUES (2, 2, 3, 1, CURRENT_TIMESTAMP(), 1, CURRENT_TIMESTAMP());

-- 用户-部门
INSERT INTO VTL_USER_DEPT_RLT (ID, USER_ID, DEPT_ID, CREATE_BY, CREATE_TIME, UPDATE_BY, UPDATE_TIME) VALUES (1, 1, 1, 1, CURRENT_TIMESTAMP(), 1, CURRENT_TIMESTAMP());
INSERT INTO VTL_USER_DEPT_RLT (ID, USER_ID, DEPT_ID, CREATE_BY, CREATE_TIME, UPDATE_BY, UPDATE_TIME) VALUES (2, 2, 1, 1, CURRENT_TIMESTAMP(), 1, CURRENT_TIMESTAMP());

-- 用户-岗位
INSERT INTO VTL_USER_POST_RLT (ID, USER_ID, POST_ID, CREATE_BY, CREATE_TIME, UPDATE_BY, UPDATE_TIME) VALUES (1, 1, 3, 1, CURRENT_TIMESTAMP(), 1, CURRENT_TIMESTAMP());

-- 角色
INSERT INTO VTL_ROLE (ID, NAME, CODE, SEQ, DISABLED, REMARK, CREATE_BY, CREATE_TIME, UPDATE_BY, UPDATE_TIME) VALUES (1, '超级管理员', 'role_admin', 1, 0, null, 1, CURRENT_TIMESTAMP(), 1, CURRENT_TIMESTAMP());
INSERT INTO VTL_ROLE (ID, NAME, CODE, SEQ, DISABLED, REMARK, CREATE_BY, CREATE_TIME, UPDATE_BY, UPDATE_TIME) VALUES (2, '普通用户', 'role_common_user', 2, 0, null, 1, CURRENT_TIMESTAMP(), 1, CURRENT_TIMESTAMP());
INSERT INTO VTL_ROLE (ID, NAME, CODE, SEQ, DISABLED, REMARK, CREATE_BY, CREATE_TIME, UPDATE_BY, UPDATE_TIME) VALUES (3, '游客', 'role_guest', 3, 0, null, 1, CURRENT_TIMESTAMP(), 1, CURRENT_TIMESTAMP());


-- 部门
INSERT INTO VTL_DEPT (ID, PARENT_ID, ANCESTORS, NAME, CODE, SEQ, DISABLED, REMARK, CREATE_BY, CREATE_TIME, UPDATE_BY, UPDATE_TIME) VALUES (1,           0,          '0',                'VTL科技',    'vitality',                 1, 0, null, 1, CURRENT_TIMESTAMP(), 1, CURRENT_TIMESTAMP());
INSERT INTO VTL_DEPT (ID, PARENT_ID, ANCESTORS, NAME, CODE, SEQ, DISABLED, REMARK, CREATE_BY, CREATE_TIME, UPDATE_BY, UPDATE_TIME) VALUES (1001,        1,          '0/1',              '西安分部',   'xi_an',                     1, 0, null, 1, CURRENT_TIMESTAMP(), 1, CURRENT_TIMESTAMP());
INSERT INTO VTL_DEPT (ID, PARENT_ID, ANCESTORS, NAME, CODE, SEQ, DISABLED, REMARK, CREATE_BY, CREATE_TIME, UPDATE_BY, UPDATE_TIME) VALUES (1001001,     1001,       '0/1/1001',         '财务部',     'xi_an_finance',             1, 0, null, 1, CURRENT_TIMESTAMP(), 1, CURRENT_TIMESTAMP());
INSERT INTO VTL_DEPT (ID, PARENT_ID, ANCESTORS, NAME, CODE, SEQ, DISABLED, REMARK, CREATE_BY, CREATE_TIME, UPDATE_BY, UPDATE_TIME) VALUES (1001002,     1001,       '0/1/1001',         '研发中心',   'xi_an_development_center',  2, 0, null, 1, CURRENT_TIMESTAMP(), 1, CURRENT_TIMESTAMP());
INSERT INTO VTL_DEPT (ID, PARENT_ID, ANCESTORS, NAME, CODE, SEQ, DISABLED, REMARK, CREATE_BY, CREATE_TIME, UPDATE_BY, UPDATE_TIME) VALUES (1001002001,  1001002,    '0/1/1001/1001002', '研发一部',   'xi_an_development1',        1, 0, null, 1, CURRENT_TIMESTAMP(), 1, CURRENT_TIMESTAMP());
INSERT INTO VTL_DEPT (ID, PARENT_ID, ANCESTORS, NAME, CODE, SEQ, DISABLED, REMARK, CREATE_BY, CREATE_TIME, UPDATE_BY, UPDATE_TIME) VALUES (1001002002,  1001002,    '0/1/1001/1001002', '研发二部',   'xi_an_development2',        2, 0, null, 1, CURRENT_TIMESTAMP(), 1, CURRENT_TIMESTAMP());
INSERT INTO VTL_DEPT (ID, PARENT_ID, ANCESTORS, NAME, CODE, SEQ, DISABLED, REMARK, CREATE_BY, CREATE_TIME, UPDATE_BY, UPDATE_TIME) VALUES (1001003,     1001,       '0/1/1001',         '销售部',     'xi_an_sales',               3, 0, null, 1, CURRENT_TIMESTAMP(), 1, CURRENT_TIMESTAMP());
INSERT INTO VTL_DEPT (ID, PARENT_ID, ANCESTORS, NAME, CODE, SEQ, DISABLED, REMARK, CREATE_BY, CREATE_TIME, UPDATE_BY, UPDATE_TIME) VALUES (1002,        1,          '0/1',              '北京分部',   'bei_jing',                  2, 0, null, 1, CURRENT_TIMESTAMP(), 1, CURRENT_TIMESTAMP());
INSERT INTO VTL_DEPT (ID, PARENT_ID, ANCESTORS, NAME, CODE, SEQ, DISABLED, REMARK, CREATE_BY, CREATE_TIME, UPDATE_BY, UPDATE_TIME) VALUES (1002002,     1002,       '0/1/1002',         '研发一部',   'bei_jing_development',      1, 0, null, 1, CURRENT_TIMESTAMP(), 1, CURRENT_TIMESTAMP());
INSERT INTO VTL_DEPT (ID, PARENT_ID, ANCESTORS, NAME, CODE, SEQ, DISABLED, REMARK, CREATE_BY, CREATE_TIME, UPDATE_BY, UPDATE_TIME) VALUES (1002003,     1002,       '0/1/1002',         '销售部',     'bei_jing_sales',            2, 0, null, 1, CURRENT_TIMESTAMP(), 1, CURRENT_TIMESTAMP());


-- 岗位
INSERT INTO VTL_POST (ID, NAME, CODE, SEQ, DISABLED, REMARK, CREATE_BY, CREATE_TIME, UPDATE_BY, UPDATE_TIME) VALUES (1, '董事长', 'ceo', 1, 0, null, 1, CURRENT_TIMESTAMP(), 1, CURRENT_TIMESTAMP());
INSERT INTO VTL_POST (ID, NAME, CODE, SEQ, DISABLED, REMARK, CREATE_BY, CREATE_TIME, UPDATE_BY, UPDATE_TIME) VALUES (2, '人力资源', 'hr', 2, 0, null, 1, CURRENT_TIMESTAMP(), 1, CURRENT_TIMESTAMP());
INSERT INTO VTL_POST (ID, NAME, CODE, SEQ, DISABLED, REMARK, CREATE_BY, CREATE_TIME, UPDATE_BY, UPDATE_TIME) VALUES (3, '开发工程师', 'development_engineer', 3, 0, null, 1, CURRENT_TIMESTAMP(), 1, CURRENT_TIMESTAMP());


-- 字典：停用/启用
INSERT INTO VTL_DICT_TYPE (ID, NAME, TYPE_CODE, REMARK, CREATE_BY, CREATE_TIME, UPDATE_BY, UPDATE_TIME) VALUES (1, '停用/启用', 'vtl_disabled', null, 1, CURRENT_TIMESTAMP(), 1, CURRENT_TIMESTAMP());
INSERT INTO VTL_DICT_DATA (ID, TYPE_CODE, DATA_CODE, LABEL, SEQ, DEFAULT_SELECTED, DISABLED, REMARK, CREATE_BY, CREATE_TIME, UPDATE_BY, UPDATE_TIME) VALUES (10001, 'vtl_disabled', '0', '启用', 1, 1, 0, null, 1, CURRENT_TIMESTAMP(), 1, CURRENT_TIMESTAMP());
INSERT INTO VTL_DICT_DATA (ID, TYPE_CODE, DATA_CODE, LABEL, SEQ, DEFAULT_SELECTED, DISABLED, REMARK, CREATE_BY, CREATE_TIME, UPDATE_BY, UPDATE_TIME) VALUES (10002, 'vtl_disabled', '1', '停用', 2, 0, 0, null, 1, CURRENT_TIMESTAMP(), 1, CURRENT_TIMESTAMP());
-- 字典：是/否
INSERT INTO VTL_DICT_TYPE (ID, NAME, TYPE_CODE, REMARK, CREATE_BY, CREATE_TIME, UPDATE_BY, UPDATE_TIME) VALUES (2, '是/否', 'vtl_yes_no', null, 1, CURRENT_TIMESTAMP(), 1, CURRENT_TIMESTAMP());
INSERT INTO VTL_DICT_DATA (ID, TYPE_CODE, DATA_CODE, LABEL, SEQ, DEFAULT_SELECTED, DISABLED, REMARK, CREATE_BY, CREATE_TIME, UPDATE_BY, UPDATE_TIME) VALUES (20001, 'vtl_yes_no', '1', '是', 1, 0, 0, null, 1, CURRENT_TIMESTAMP(), 1, CURRENT_TIMESTAMP());
INSERT INTO VTL_DICT_DATA (ID, TYPE_CODE, DATA_CODE, LABEL, SEQ, DEFAULT_SELECTED, DISABLED, REMARK, CREATE_BY, CREATE_TIME, UPDATE_BY, UPDATE_TIME) VALUES (20002, 'vtl_yes_no', '0', '否', 2, 1, 0, null, 1, CURRENT_TIMESTAMP(), 1, CURRENT_TIMESTAMP());
-- 字典：菜单类型
INSERT INTO VTL_DICT_TYPE (ID, NAME, TYPE_CODE, REMARK, CREATE_BY, CREATE_TIME, UPDATE_BY, UPDATE_TIME) VALUES (3, '菜单类型', 'vtl_menu_type', null, 1, CURRENT_TIMESTAMP(), 1, CURRENT_TIMESTAMP());
INSERT INTO VTL_DICT_DATA (ID, TYPE_CODE, DATA_CODE, LABEL, SEQ, DEFAULT_SELECTED, DISABLED, REMARK, CREATE_BY, CREATE_TIME, UPDATE_BY, UPDATE_TIME) VALUES (30001, 'vtl_menu_type', 'DIR', '目录', 1, 0, 0, null, 1, CURRENT_TIMESTAMP(), 1, CURRENT_TIMESTAMP());
INSERT INTO VTL_DICT_DATA (ID, TYPE_CODE, DATA_CODE, LABEL, SEQ, DEFAULT_SELECTED, DISABLED, REMARK, CREATE_BY, CREATE_TIME, UPDATE_BY, UPDATE_TIME) VALUES (30002, 'vtl_menu_type', 'MENU', '菜单', 2, 0, 0, null, 1, CURRENT_TIMESTAMP(), 1, CURRENT_TIMESTAMP());
INSERT INTO VTL_DICT_DATA (ID, TYPE_CODE, DATA_CODE, LABEL, SEQ, DEFAULT_SELECTED, DISABLED, REMARK, CREATE_BY, CREATE_TIME, UPDATE_BY, UPDATE_TIME) VALUES (30003, 'vtl_menu_type', 'BTN', '按钮', 3, 1, 0, null, 1, CURRENT_TIMESTAMP(), 1, CURRENT_TIMESTAMP());
INSERT INTO VTL_DICT_DATA (ID, TYPE_CODE, DATA_CODE, LABEL, SEQ, DEFAULT_SELECTED, DISABLED, REMARK, CREATE_BY, CREATE_TIME, UPDATE_BY, UPDATE_TIME) VALUES (30004, 'vtl_menu_type', 'OTHER', '其他', 4, 0, 0, null, 1, CURRENT_TIMESTAMP(), 1, CURRENT_TIMESTAMP());
-- 字典：菜单打开方式
INSERT INTO VTL_DICT_TYPE (ID, NAME, TYPE_CODE, REMARK, CREATE_BY, CREATE_TIME, UPDATE_BY, UPDATE_TIME) VALUES (4, '菜单打开方式', 'vtl_menu_open_type', null, 1, CURRENT_TIMESTAMP(), 1, CURRENT_TIMESTAMP());
INSERT INTO VTL_DICT_DATA (ID, TYPE_CODE, DATA_CODE, LABEL, SEQ, DEFAULT_SELECTED, DISABLED, REMARK, CREATE_BY, CREATE_TIME, UPDATE_BY, UPDATE_TIME) VALUES (40001, 'vtl_menu_open_type', '_iframe', '系统标签页', 1, 1, 0, null, 1, CURRENT_TIMESTAMP(), 1, CURRENT_TIMESTAMP());
INSERT INTO VTL_DICT_DATA (ID, TYPE_CODE, DATA_CODE, LABEL, SEQ, DEFAULT_SELECTED, DISABLED, REMARK, CREATE_BY, CREATE_TIME, UPDATE_BY, UPDATE_TIME) VALUES (40002, 'vtl_menu_open_type', '_blank', '浏览器标签页', 2, 0, 0, null, 1, CURRENT_TIMESTAMP(), 1, CURRENT_TIMESTAMP());
-- 字典：用户性别
INSERT INTO VTL_DICT_TYPE (ID, NAME, TYPE_CODE, REMARK, CREATE_BY, CREATE_TIME, UPDATE_BY, UPDATE_TIME) VALUES (5, '用户性别', 'vtl_user_gender', null, 1, CURRENT_TIMESTAMP(), 1, CURRENT_TIMESTAMP());
INSERT INTO VTL_DICT_DATA (ID, TYPE_CODE, DATA_CODE, LABEL, SEQ, DEFAULT_SELECTED, DISABLED, REMARK, CREATE_BY, CREATE_TIME, UPDATE_BY, UPDATE_TIME) VALUES (50001, 'vtl_user_gender', 'male', '男', 1, 0, 0, null, 1, CURRENT_TIMESTAMP(), 1, CURRENT_TIMESTAMP());
INSERT INTO VTL_DICT_DATA (ID, TYPE_CODE, DATA_CODE, LABEL, SEQ, DEFAULT_SELECTED, DISABLED, REMARK, CREATE_BY, CREATE_TIME, UPDATE_BY, UPDATE_TIME) VALUES (50002, 'vtl_user_gender', 'female', '女', 2, 0, 0, null, 1, CURRENT_TIMESTAMP(), 1, CURRENT_TIMESTAMP());
INSERT INTO VTL_DICT_DATA (ID, TYPE_CODE, DATA_CODE, LABEL, SEQ, DEFAULT_SELECTED, DISABLED, REMARK, CREATE_BY, CREATE_TIME, UPDATE_BY, UPDATE_TIME) VALUES (50003, 'vtl_user_gender', 'unknow', '未知', 3, 1, 0, null, 1, CURRENT_TIMESTAMP(), 1, CURRENT_TIMESTAMP());
-- 字典：成功/失败
INSERT INTO VTL_DICT_TYPE (ID, NAME, TYPE_CODE, REMARK, CREATE_BY, CREATE_TIME, UPDATE_BY, UPDATE_TIME) VALUES (6, '成功/失败', 'vtl_succeeded', null, 1, CURRENT_TIMESTAMP(), 1, CURRENT_TIMESTAMP());
INSERT INTO VTL_DICT_DATA (ID, TYPE_CODE, DATA_CODE, LABEL, SEQ, DEFAULT_SELECTED, DISABLED, REMARK, CREATE_BY, CREATE_TIME, UPDATE_BY, UPDATE_TIME) VALUES (60001, 'vtl_succeeded', '1', '成功', 1, 1, 0, null, 1, CURRENT_TIMESTAMP(), 1, CURRENT_TIMESTAMP());
INSERT INTO VTL_DICT_DATA (ID, TYPE_CODE, DATA_CODE, LABEL, SEQ, DEFAULT_SELECTED, DISABLED, REMARK, CREATE_BY, CREATE_TIME, UPDATE_BY, UPDATE_TIME) VALUES (60002, 'vtl_succeeded', '0', '失败', 2, 0, 0, null, 1, CURRENT_TIMESTAMP(), 1, CURRENT_TIMESTAMP());
-- 字典：登录类型
INSERT INTO VTL_DICT_TYPE (ID, NAME, TYPE_CODE, REMARK, CREATE_BY, CREATE_TIME, UPDATE_BY, UPDATE_TIME) VALUES (7, '登录类型', 'vtl_login_type', null, 1, CURRENT_TIMESTAMP(), 1, CURRENT_TIMESTAMP());
INSERT INTO VTL_DICT_DATA (ID, TYPE_CODE, DATA_CODE, LABEL, SEQ, DEFAULT_SELECTED, DISABLED, REMARK, CREATE_BY, CREATE_TIME, UPDATE_BY, UPDATE_TIME) VALUES (70001, 'vtl_login_type', 'LOGIN', '登录', 1, 1, 0, null, 1, CURRENT_TIMESTAMP(), 1, CURRENT_TIMESTAMP());
INSERT INTO VTL_DICT_DATA (ID, TYPE_CODE, DATA_CODE, LABEL, SEQ, DEFAULT_SELECTED, DISABLED, REMARK, CREATE_BY, CREATE_TIME, UPDATE_BY, UPDATE_TIME) VALUES (70002, 'vtl_login_type', 'LOGOUT', '注销', 2, 0, 0, null, 1, CURRENT_TIMESTAMP(), 1, CURRENT_TIMESTAMP());
INSERT INTO VTL_DICT_DATA (ID, TYPE_CODE, DATA_CODE, LABEL, SEQ, DEFAULT_SELECTED, DISABLED, REMARK, CREATE_BY, CREATE_TIME, UPDATE_BY, UPDATE_TIME) VALUES (70003, 'vtl_login_type', 'KICK_OUT', '被踢下线', 3, 0, 0, null, 1, CURRENT_TIMESTAMP(), 1, CURRENT_TIMESTAMP());
INSERT INTO VTL_DICT_DATA (ID, TYPE_CODE, DATA_CODE, LABEL, SEQ, DEFAULT_SELECTED, DISABLED, REMARK, CREATE_BY, CREATE_TIME, UPDATE_BY, UPDATE_TIME) VALUES (70004, 'vtl_login_type', 'REPLACED', '被顶下线', 4, 0, 0, null, 1, CURRENT_TIMESTAMP(), 1, CURRENT_TIMESTAMP());


-- 配置
INSERT INTO VTL_CONFIG (ID, TITLE, CODE, VAL, REMARK, CREATE_BY, CREATE_TIME, UPDATE_BY, UPDATE_TIME) VALUES (1, '用户管理-初始密码', 'vtl_user_init_password', '123456', null, 1, CURRENT_TIMESTAMP(), 1, CURRENT_TIMESTAMP());


-- 公告
INSERT INTO VTL_ANNOUNCEMENT (ID, AVATAR, TITLE, DESCRIPTION, RELEASED, CREATE_BY, CREATE_TIME, UPDATE_BY, UPDATE_TIME) VALUES (1, null, '欢迎来到 vitality 管理系统！', '<h2 style="text-align: left;"><span style="color: #3a3a3a; font-family: Helvetica Neue, Helvetica, PingFang SC, Tahoma, Arial, sans-serif;"><span style="font-size: 14px;">vitality 管理系统简介</span></span></h2><p><span style="color: #3a3a3a; font-family: Helvetica Neue, Helvetica, PingFang SC, Tahoma, Arial, sans-serif;"><span style="font-size: 14px;">vitality 是一个基于 SpringBoot 3+、MyBatis-plus、sa-token、Layui&nbsp; 等技术，可前后端分离，的后台管理系统，可以用于常见的的 Web 应用程序，比如网站管理后台等。</span></span></p><pre>想在网上找一个适合自己技术栈的开源项目，但是发现：<br />1、要么使用 shiro、spring security 等安全框架，我想用 sa-token；<br />2、要么使用 vue 前后端分离，一大堆 npm 环境依赖及封装，太麻烦；<br />3、要么使用 bootstrap + thymeleaf，不能前后端分离，我也想用 Layui；</pre><br /><pre>而我想要一个，可以很简单的启动一个 jar 包就完事了；<br />也可以很方便的扩展或支持各种三方依赖，比如 Redis、MinIO、集群部署、可以前后端分离、也可以前后端不分离，其他技术栈也是自己熟悉的就行。<br /><br />找来找去，没找到合适的，那就自己写一个吧！<br /><br />于是，基于以前的积累，在我 2018 年写的一个后台管理系统 mwj-cms 项目的基础上，重构、重写大量后台代码，前端重新基于 Pear-Admin-Layui 开源项目，产生了 vitality 管理系统！<br /><br /><strong>发展历史：<br /></strong>- version 1.3.*: 2023年，代码仓库正式更名为 vitality，升级 JDK17，SpringBoot 3+，现处于开发中阶段。<strong><br /></strong>- version 1.2.*: 2022年，基于 quickboot 项目，代码仓库更名为 vitality-spring-boot-starter 工程。<strong><br /></strong>- version 1.1.*：2020年，基于 mwj-cms 后台管理系统提取封装公共类，创建 vitality 的前身 quickboot 项目。<br />- version 1.0.*：2018年，第一版，基于 JDK8，mwj-cms 后台管理系统。</pre><pre>&nbsp;</pre>', 1, 1, CURRENT_TIMESTAMP(), 1, CURRENT_TIMESTAMP());


-- TYPE：菜单类型。{ DIR=目录; MENU=菜单; BTN=按钮; OTHER=其它 }
-- OPEN_TYPE：TYPE 为 MENU 时生效，{ _iframe：正常打开；_blank：新建浏览器标签页 }
INSERT INTO VTL_MENU (ID, PARENT_ID, ANCESTORS, TITLE, TYPE, PERMISSION, SEQ, ICON, URL, OPEN_TYPE, DISABLED, REMARK, CREATE_BY, CREATE_TIME, UPDATE_BY, UPDATE_TIME) VALUES (1,          0, '0',      '主页',     'MENU', 'home', 10, 'layui-icon layui-icon-home', 'home.html', '_iframe', 0, null, 1, CURRENT_TIMESTAMP(), 1, CURRENT_TIMESTAMP());
INSERT INTO VTL_MENU (ID, PARENT_ID, ANCESTORS, TITLE, TYPE, PERMISSION, SEQ, ICON, URL, OPEN_TYPE, DISABLED, REMARK, CREATE_BY, CREATE_TIME, UPDATE_BY, UPDATE_TIME) VALUES (1001,       0, '0',      '系统管理', 'DIR',   'system', 20, 'layui-icon layui-icon-set-fill', null, null, 0, null, 1, CURRENT_TIMESTAMP(), 1, CURRENT_TIMESTAMP());

INSERT INTO VTL_MENU (ID, PARENT_ID, ANCESTORS, TITLE, TYPE, PERMISSION, SEQ, ICON, URL, OPEN_TYPE, DISABLED, REMARK, CREATE_BY, CREATE_TIME, UPDATE_BY, UPDATE_TIME) VALUES (1001001, 1001, '0/1001', '用户管理', 'MENU',  'system:user', 1, null, 'views/system/user/userList.html', '_iframe', 0, null, 1, CURRENT_TIMESTAMP(), 1, CURRENT_TIMESTAMP());
INSERT INTO VTL_MENU (ID, PARENT_ID, ANCESTORS, TITLE, TYPE, PERMISSION, SEQ, ICON, URL, OPEN_TYPE, DISABLED, REMARK, CREATE_BY, CREATE_TIME, UPDATE_BY, UPDATE_TIME) VALUES (1001001001, 1001001, '0/1001/1001001', '列表', 'BTN',  'system:user:list', 1, null, null, null, 0, null, 1, CURRENT_TIMESTAMP(), 1, CURRENT_TIMESTAMP());
INSERT INTO VTL_MENU (ID, PARENT_ID, ANCESTORS, TITLE, TYPE, PERMISSION, SEQ, ICON, URL, OPEN_TYPE, DISABLED, REMARK, CREATE_BY, CREATE_TIME, UPDATE_BY, UPDATE_TIME) VALUES (1001001002, 1001001, '0/1001/1001001', '新增', 'BTN',  'system:user:add', 2, null, null, null, 0, null, 1, CURRENT_TIMESTAMP(), 1, CURRENT_TIMESTAMP());
INSERT INTO VTL_MENU (ID, PARENT_ID, ANCESTORS, TITLE, TYPE, PERMISSION, SEQ, ICON, URL, OPEN_TYPE, DISABLED, REMARK, CREATE_BY, CREATE_TIME, UPDATE_BY, UPDATE_TIME) VALUES (1001001003, 1001001, '0/1001/1001001', '编辑', 'BTN',  'system:user:edit', 3, null, null, null, 0, null, 1, CURRENT_TIMESTAMP(), 1, CURRENT_TIMESTAMP());
INSERT INTO VTL_MENU (ID, PARENT_ID, ANCESTORS, TITLE, TYPE, PERMISSION, SEQ, ICON, URL, OPEN_TYPE, DISABLED, REMARK, CREATE_BY, CREATE_TIME, UPDATE_BY, UPDATE_TIME) VALUES (1001001004, 1001001, '0/1001/1001001', '详情', 'BTN',  'system:user:detail', 4, null, null, null, 0, null, 1, CURRENT_TIMESTAMP(), 1, CURRENT_TIMESTAMP());
INSERT INTO VTL_MENU (ID, PARENT_ID, ANCESTORS, TITLE, TYPE, PERMISSION, SEQ, ICON, URL, OPEN_TYPE, DISABLED, REMARK, CREATE_BY, CREATE_TIME, UPDATE_BY, UPDATE_TIME) VALUES (1001001005, 1001001, '0/1001/1001001', '删除', 'BTN',  'system:user:delete', 5, null, null, null, 0, null, 1, CURRENT_TIMESTAMP(), 1, CURRENT_TIMESTAMP());
INSERT INTO VTL_MENU (ID, PARENT_ID, ANCESTORS, TITLE, TYPE, PERMISSION, SEQ, ICON, URL, OPEN_TYPE, DISABLED, REMARK, CREATE_BY, CREATE_TIME, UPDATE_BY, UPDATE_TIME) VALUES (1001001006, 1001001, '0/1001/1001001', '授权', 'BTN',  'system:user:authorization', 6, null, null, null, 0, null, 1, CURRENT_TIMESTAMP(), 1, CURRENT_TIMESTAMP());
INSERT INTO VTL_MENU (ID, PARENT_ID, ANCESTORS, TITLE, TYPE, PERMISSION, SEQ, ICON, URL, OPEN_TYPE, DISABLED, REMARK, CREATE_BY, CREATE_TIME, UPDATE_BY, UPDATE_TIME) VALUES (1001001007, 1001001, '0/1001/1001001', '重置密码', 'BTN',  'system:user:resetPassword', 7, null, null, null, 0, null, 1, CURRENT_TIMESTAMP(), 1, CURRENT_TIMESTAMP());
INSERT INTO VTL_MENU (ID, PARENT_ID, ANCESTORS, TITLE, TYPE, PERMISSION, SEQ, ICON, URL, OPEN_TYPE, DISABLED, REMARK, CREATE_BY, CREATE_TIME, UPDATE_BY, UPDATE_TIME) VALUES (1001001008, 1001001, '0/1001/1001001', '启用/停用', 'BTN',  'system:user:disabled', 8, null, null, null, 0, null, 1, CURRENT_TIMESTAMP(), 1, CURRENT_TIMESTAMP());

INSERT INTO VTL_MENU (ID, PARENT_ID, ANCESTORS, TITLE, TYPE, PERMISSION, SEQ, ICON, URL, OPEN_TYPE, DISABLED, REMARK, CREATE_BY, CREATE_TIME, UPDATE_BY, UPDATE_TIME) VALUES (1001002, 1001, '0/1001', '角色管理', 'MENU',  'system:role', 2, null, 'views/system/role/roleList.html', '_iframe', 0, null, 1, CURRENT_TIMESTAMP(), 1, CURRENT_TIMESTAMP());
INSERT INTO VTL_MENU (ID, PARENT_ID, ANCESTORS, TITLE, TYPE, PERMISSION, SEQ, ICON, URL, OPEN_TYPE, DISABLED, REMARK, CREATE_BY, CREATE_TIME, UPDATE_BY, UPDATE_TIME) VALUES (1001002001, 1001002, '0/1001/1001002', '列表', 'BTN',  'system:role:list', 1, null, null, null, 0, null, 1, CURRENT_TIMESTAMP(), 1, CURRENT_TIMESTAMP());
INSERT INTO VTL_MENU (ID, PARENT_ID, ANCESTORS, TITLE, TYPE, PERMISSION, SEQ, ICON, URL, OPEN_TYPE, DISABLED, REMARK, CREATE_BY, CREATE_TIME, UPDATE_BY, UPDATE_TIME) VALUES (1001002002, 1001002, '0/1001/1001002', '新增', 'BTN',  'system:role:add', 2, null, null, null, 0, null, 1, CURRENT_TIMESTAMP(), 1, CURRENT_TIMESTAMP());
INSERT INTO VTL_MENU (ID, PARENT_ID, ANCESTORS, TITLE, TYPE, PERMISSION, SEQ, ICON, URL, OPEN_TYPE, DISABLED, REMARK, CREATE_BY, CREATE_TIME, UPDATE_BY, UPDATE_TIME) VALUES (1001002003, 1001002, '0/1001/1001002', '编辑', 'BTN',  'system:role:edit', 3, null, null, null, 0, null, 1, CURRENT_TIMESTAMP(), 1, CURRENT_TIMESTAMP());
INSERT INTO VTL_MENU (ID, PARENT_ID, ANCESTORS, TITLE, TYPE, PERMISSION, SEQ, ICON, URL, OPEN_TYPE, DISABLED, REMARK, CREATE_BY, CREATE_TIME, UPDATE_BY, UPDATE_TIME) VALUES (1001002004, 1001002, '0/1001/1001002', '详情', 'BTN',  'system:role:detail', 4, null, null, null, 0, null, 1, CURRENT_TIMESTAMP(), 1, CURRENT_TIMESTAMP());
INSERT INTO VTL_MENU (ID, PARENT_ID, ANCESTORS, TITLE, TYPE, PERMISSION, SEQ, ICON, URL, OPEN_TYPE, DISABLED, REMARK, CREATE_BY, CREATE_TIME, UPDATE_BY, UPDATE_TIME) VALUES (1001002005, 1001002, '0/1001/1001002', '删除', 'BTN',  'system:role:delete', 5, null, null, null, 0, null, 1, CURRENT_TIMESTAMP(), 1, CURRENT_TIMESTAMP());
INSERT INTO VTL_MENU (ID, PARENT_ID, ANCESTORS, TITLE, TYPE, PERMISSION, SEQ, ICON, URL, OPEN_TYPE, DISABLED, REMARK, CREATE_BY, CREATE_TIME, UPDATE_BY, UPDATE_TIME) VALUES (1001002006, 1001002, '0/1001/1001002', '授权', 'BTN',  'system:role:authorization', 6, null, null, null, 0, null, 1, CURRENT_TIMESTAMP(), 1, CURRENT_TIMESTAMP());
INSERT INTO VTL_MENU (ID, PARENT_ID, ANCESTORS, TITLE, TYPE, PERMISSION, SEQ, ICON, URL, OPEN_TYPE, DISABLED, REMARK, CREATE_BY, CREATE_TIME, UPDATE_BY, UPDATE_TIME) VALUES (1001002007, 1001002, '0/1001/1001002', '启用/停用', 'BTN',  'system:role:disabled', 7, null, null, null, 0, null, 1, CURRENT_TIMESTAMP(), 1, CURRENT_TIMESTAMP());
INSERT INTO VTL_MENU (ID, PARENT_ID, ANCESTORS, TITLE, TYPE, PERMISSION, SEQ, ICON, URL, OPEN_TYPE, DISABLED, REMARK, CREATE_BY, CREATE_TIME, UPDATE_BY, UPDATE_TIME) VALUES (1001002008, 1001002, '0/1001/1001002', '分配用户', 'BTN',  'system:role:assignUser', 8, null, null, null, 0, null, 1, CURRENT_TIMESTAMP(), 1, CURRENT_TIMESTAMP());

INSERT INTO VTL_MENU (ID, PARENT_ID, ANCESTORS, TITLE, TYPE, PERMISSION, SEQ, ICON, URL, OPEN_TYPE, DISABLED, REMARK, CREATE_BY, CREATE_TIME, UPDATE_BY, UPDATE_TIME) VALUES (1001003, 1001, '0/1001', '菜单管理', 'MENU',  'system:menu', 3, null, 'views/system/menu/menuList.html', '_iframe', 0, null, 1, CURRENT_TIMESTAMP(), 1, CURRENT_TIMESTAMP());
INSERT INTO VTL_MENU (ID, PARENT_ID, ANCESTORS, TITLE, TYPE, PERMISSION, SEQ, ICON, URL, OPEN_TYPE, DISABLED, REMARK, CREATE_BY, CREATE_TIME, UPDATE_BY, UPDATE_TIME) VALUES (1001003001, 1001003, '0/1001/1001003', '列表', 'BTN',  'system:menu:list', 1, null, null, null, 0, null, 1, CURRENT_TIMESTAMP(), 1, CURRENT_TIMESTAMP());
INSERT INTO VTL_MENU (ID, PARENT_ID, ANCESTORS, TITLE, TYPE, PERMISSION, SEQ, ICON, URL, OPEN_TYPE, DISABLED, REMARK, CREATE_BY, CREATE_TIME, UPDATE_BY, UPDATE_TIME) VALUES (1001003002, 1001003, '0/1001/1001003', '新增', 'BTN',  'system:menu:add', 2, null, null, null, 0, null, 1, CURRENT_TIMESTAMP(), 1, CURRENT_TIMESTAMP());
INSERT INTO VTL_MENU (ID, PARENT_ID, ANCESTORS, TITLE, TYPE, PERMISSION, SEQ, ICON, URL, OPEN_TYPE, DISABLED, REMARK, CREATE_BY, CREATE_TIME, UPDATE_BY, UPDATE_TIME) VALUES (1001003003, 1001003, '0/1001/1001003', '编辑', 'BTN',  'system:menu:edit', 3, null, null, null, 0, null, 1, CURRENT_TIMESTAMP(), 1, CURRENT_TIMESTAMP());
INSERT INTO VTL_MENU (ID, PARENT_ID, ANCESTORS, TITLE, TYPE, PERMISSION, SEQ, ICON, URL, OPEN_TYPE, DISABLED, REMARK, CREATE_BY, CREATE_TIME, UPDATE_BY, UPDATE_TIME) VALUES (1001003004, 1001003, '0/1001/1001003', '详情', 'BTN',  'system:menu:detail', 4, null, null, null, 0, null, 1, CURRENT_TIMESTAMP(), 1, CURRENT_TIMESTAMP());
INSERT INTO VTL_MENU (ID, PARENT_ID, ANCESTORS, TITLE, TYPE, PERMISSION, SEQ, ICON, URL, OPEN_TYPE, DISABLED, REMARK, CREATE_BY, CREATE_TIME, UPDATE_BY, UPDATE_TIME) VALUES (1001003005, 1001003, '0/1001/1001003', '删除', 'BTN',  'system:menu:delete', 5, null, null, null, 0, null, 1, CURRENT_TIMESTAMP(), 1, CURRENT_TIMESTAMP());
INSERT INTO VTL_MENU (ID, PARENT_ID, ANCESTORS, TITLE, TYPE, PERMISSION, SEQ, ICON, URL, OPEN_TYPE, DISABLED, REMARK, CREATE_BY, CREATE_TIME, UPDATE_BY, UPDATE_TIME) VALUES (1001003006, 1001003, '0/1001/1001003', '启用/停用', 'BTN',  'system:menu:disabled', 6, null, null, null, 0, null, 1, CURRENT_TIMESTAMP(), 1, CURRENT_TIMESTAMP());

INSERT INTO VTL_MENU (ID, PARENT_ID, ANCESTORS, TITLE, TYPE, PERMISSION, SEQ, ICON, URL, OPEN_TYPE, DISABLED, REMARK, CREATE_BY, CREATE_TIME, UPDATE_BY, UPDATE_TIME) VALUES (1001004, 1001, '0/1001', '部门管理', 'MENU',  'system:dept', 4, null, 'views/system/dept/deptList.html', '_iframe', 0, null, 1, CURRENT_TIMESTAMP(), 1, CURRENT_TIMESTAMP());
INSERT INTO VTL_MENU (ID, PARENT_ID, ANCESTORS, TITLE, TYPE, PERMISSION, SEQ, ICON, URL, OPEN_TYPE, DISABLED, REMARK, CREATE_BY, CREATE_TIME, UPDATE_BY, UPDATE_TIME) VALUES (1001004001, 1001004, '0/1001/1001004', '列表', 'BTN',       'system:dept:list', 1, null, null, null, 0, null, 1, CURRENT_TIMESTAMP(), 1, CURRENT_TIMESTAMP());
INSERT INTO VTL_MENU (ID, PARENT_ID, ANCESTORS, TITLE, TYPE, PERMISSION, SEQ, ICON, URL, OPEN_TYPE, DISABLED, REMARK, CREATE_BY, CREATE_TIME, UPDATE_BY, UPDATE_TIME) VALUES (1001004002, 1001004, '0/1001/1001004', '新增', 'BTN',       'system:dept:add', 2, null, null, null, 0, null, 1, CURRENT_TIMESTAMP(), 1, CURRENT_TIMESTAMP());
INSERT INTO VTL_MENU (ID, PARENT_ID, ANCESTORS, TITLE, TYPE, PERMISSION, SEQ, ICON, URL, OPEN_TYPE, DISABLED, REMARK, CREATE_BY, CREATE_TIME, UPDATE_BY, UPDATE_TIME) VALUES (1001004003, 1001004, '0/1001/1001004', '编辑', 'BTN',       'system:dept:edit', 3, null, null, null, 0, null, 1, CURRENT_TIMESTAMP(), 1, CURRENT_TIMESTAMP());
INSERT INTO VTL_MENU (ID, PARENT_ID, ANCESTORS, TITLE, TYPE, PERMISSION, SEQ, ICON, URL, OPEN_TYPE, DISABLED, REMARK, CREATE_BY, CREATE_TIME, UPDATE_BY, UPDATE_TIME) VALUES (1001004004, 1001004, '0/1001/1001004', '详情', 'BTN',       'system:dept:detail', 4, null, null, null, 0, null, 1, CURRENT_TIMESTAMP(), 1, CURRENT_TIMESTAMP());
INSERT INTO VTL_MENU (ID, PARENT_ID, ANCESTORS, TITLE, TYPE, PERMISSION, SEQ, ICON, URL, OPEN_TYPE, DISABLED, REMARK, CREATE_BY, CREATE_TIME, UPDATE_BY, UPDATE_TIME) VALUES (1001004005, 1001004, '0/1001/1001004', '删除', 'BTN',       'system:dept:delete', 5, null, null, null, 0, null, 1, CURRENT_TIMESTAMP(), 1, CURRENT_TIMESTAMP());
INSERT INTO VTL_MENU (ID, PARENT_ID, ANCESTORS, TITLE, TYPE, PERMISSION, SEQ, ICON, URL, OPEN_TYPE, DISABLED, REMARK, CREATE_BY, CREATE_TIME, UPDATE_BY, UPDATE_TIME) VALUES (1001004006, 1001004, '0/1001/1001004', '授权', 'BTN',       'system:dept:authorization', 6, null, null, null, 0, null, 1, CURRENT_TIMESTAMP(), 1, CURRENT_TIMESTAMP());
INSERT INTO VTL_MENU (ID, PARENT_ID, ANCESTORS, TITLE, TYPE, PERMISSION, SEQ, ICON, URL, OPEN_TYPE, DISABLED, REMARK, CREATE_BY, CREATE_TIME, UPDATE_BY, UPDATE_TIME) VALUES (1001004007, 1001004, '0/1001/1001004', '启用/停用', 'BTN',    'system:dept:disabled', 7, null, null, null, 0, null, 1, CURRENT_TIMESTAMP(), 1, CURRENT_TIMESTAMP());
INSERT INTO VTL_MENU (ID, PARENT_ID, ANCESTORS, TITLE, TYPE, PERMISSION, SEQ, ICON, URL, OPEN_TYPE, DISABLED, REMARK, CREATE_BY, CREATE_TIME, UPDATE_BY, UPDATE_TIME) VALUES (1001004008, 1001004, '0/1001/1001004', '分配用户', 'BTN',     'system:dept:assignUser', 8, null, null, null, 0, null, 1, CURRENT_TIMESTAMP(), 1, CURRENT_TIMESTAMP());

INSERT INTO VTL_MENU (ID, PARENT_ID, ANCESTORS, TITLE, TYPE, PERMISSION, SEQ, ICON, URL, OPEN_TYPE, DISABLED, REMARK, CREATE_BY, CREATE_TIME, UPDATE_BY, UPDATE_TIME) VALUES (1001005, 1001, '0/1001', '岗位管理', 'MENU',  'system:post', 5, null, 'views/system/post/postList.html', '_iframe', 0, null, 1, CURRENT_TIMESTAMP(), 1, CURRENT_TIMESTAMP());
INSERT INTO VTL_MENU (ID, PARENT_ID, ANCESTORS, TITLE, TYPE, PERMISSION, SEQ, ICON, URL, OPEN_TYPE, DISABLED, REMARK, CREATE_BY, CREATE_TIME, UPDATE_BY, UPDATE_TIME) VALUES (1001005001, 1001005, '0/1001/1001005', '列表', 'BTN',       'system:post:list', 1, null, null, null, 0, null, 1, CURRENT_TIMESTAMP(), 1, CURRENT_TIMESTAMP());
INSERT INTO VTL_MENU (ID, PARENT_ID, ANCESTORS, TITLE, TYPE, PERMISSION, SEQ, ICON, URL, OPEN_TYPE, DISABLED, REMARK, CREATE_BY, CREATE_TIME, UPDATE_BY, UPDATE_TIME) VALUES (1001005002, 1001005, '0/1001/1001005', '新增', 'BTN',       'system:post:add', 2, null, null, null, 0, null, 1, CURRENT_TIMESTAMP(), 1, CURRENT_TIMESTAMP());
INSERT INTO VTL_MENU (ID, PARENT_ID, ANCESTORS, TITLE, TYPE, PERMISSION, SEQ, ICON, URL, OPEN_TYPE, DISABLED, REMARK, CREATE_BY, CREATE_TIME, UPDATE_BY, UPDATE_TIME) VALUES (1001005003, 1001005, '0/1001/1001005', '编辑', 'BTN',       'system:post:edit', 3, null, null, null, 0, null, 1, CURRENT_TIMESTAMP(), 1, CURRENT_TIMESTAMP());
INSERT INTO VTL_MENU (ID, PARENT_ID, ANCESTORS, TITLE, TYPE, PERMISSION, SEQ, ICON, URL, OPEN_TYPE, DISABLED, REMARK, CREATE_BY, CREATE_TIME, UPDATE_BY, UPDATE_TIME) VALUES (1001005004, 1001005, '0/1001/1001005', '详情', 'BTN',       'system:post:detail', 4, null, null, null, 0, null, 1, CURRENT_TIMESTAMP(), 1, CURRENT_TIMESTAMP());
INSERT INTO VTL_MENU (ID, PARENT_ID, ANCESTORS, TITLE, TYPE, PERMISSION, SEQ, ICON, URL, OPEN_TYPE, DISABLED, REMARK, CREATE_BY, CREATE_TIME, UPDATE_BY, UPDATE_TIME) VALUES (1001005005, 1001005, '0/1001/1001005', '删除', 'BTN',       'system:post:delete', 5, null, null, null, 0, null, 1, CURRENT_TIMESTAMP(), 1, CURRENT_TIMESTAMP());
INSERT INTO VTL_MENU (ID, PARENT_ID, ANCESTORS, TITLE, TYPE, PERMISSION, SEQ, ICON, URL, OPEN_TYPE, DISABLED, REMARK, CREATE_BY, CREATE_TIME, UPDATE_BY, UPDATE_TIME) VALUES (1001005006, 1001005, '0/1001/1001005', '授权', 'BTN',       'system:post:authorization', 6, null, null, null, 0, null, 1, CURRENT_TIMESTAMP(), 1, CURRENT_TIMESTAMP());
INSERT INTO VTL_MENU (ID, PARENT_ID, ANCESTORS, TITLE, TYPE, PERMISSION, SEQ, ICON, URL, OPEN_TYPE, DISABLED, REMARK, CREATE_BY, CREATE_TIME, UPDATE_BY, UPDATE_TIME) VALUES (1001005007, 1001005, '0/1001/1001005', '启用/停用', 'BTN',    'system:post:disabled', 7, null, null, null, 0, null, 1, CURRENT_TIMESTAMP(), 1, CURRENT_TIMESTAMP());
INSERT INTO VTL_MENU (ID, PARENT_ID, ANCESTORS, TITLE, TYPE, PERMISSION, SEQ, ICON, URL, OPEN_TYPE, DISABLED, REMARK, CREATE_BY, CREATE_TIME, UPDATE_BY, UPDATE_TIME) VALUES (1001005008, 1001005, '0/1001/1001005', '分配用户', 'BTN',     'system:post:assignUser', 8, null, null, null, 0, null, 1, CURRENT_TIMESTAMP(), 1, CURRENT_TIMESTAMP());

INSERT INTO VTL_MENU (ID, PARENT_ID, ANCESTORS, TITLE, TYPE, PERMISSION, SEQ, ICON, URL, OPEN_TYPE, DISABLED, REMARK, CREATE_BY, CREATE_TIME, UPDATE_BY, UPDATE_TIME) VALUES (1001006, 1001, '0/1001', '字典管理', 'MENU',  'system:dict', 6, null, 'views/system/dict/dictList.html', '_iframe', 0, null, 1, CURRENT_TIMESTAMP(), 1, CURRENT_TIMESTAMP());
INSERT INTO VTL_MENU (ID, PARENT_ID, ANCESTORS, TITLE, TYPE, PERMISSION, SEQ, ICON, URL, OPEN_TYPE, DISABLED, REMARK, CREATE_BY, CREATE_TIME, UPDATE_BY, UPDATE_TIME) VALUES (1001006001, 1001006, '0/1001/1001006', '类型-列表', 'BTN',       'system:dict:type:list', 1, null, null, null, 0, null, 1, CURRENT_TIMESTAMP(), 1, CURRENT_TIMESTAMP());
INSERT INTO VTL_MENU (ID, PARENT_ID, ANCESTORS, TITLE, TYPE, PERMISSION, SEQ, ICON, URL, OPEN_TYPE, DISABLED, REMARK, CREATE_BY, CREATE_TIME, UPDATE_BY, UPDATE_TIME) VALUES (1001006002, 1001006, '0/1001/1001006', '类型-新增', 'BTN',       'system:dict:type:add', 2, null, null, null, 0, null, 1, CURRENT_TIMESTAMP(), 1, CURRENT_TIMESTAMP());
INSERT INTO VTL_MENU (ID, PARENT_ID, ANCESTORS, TITLE, TYPE, PERMISSION, SEQ, ICON, URL, OPEN_TYPE, DISABLED, REMARK, CREATE_BY, CREATE_TIME, UPDATE_BY, UPDATE_TIME) VALUES (1001006003, 1001006, '0/1001/1001006', '类型-编辑', 'BTN',       'system:dict:type:edit', 3, null, null, null, 0, null, 1, CURRENT_TIMESTAMP(), 1, CURRENT_TIMESTAMP());
INSERT INTO VTL_MENU (ID, PARENT_ID, ANCESTORS, TITLE, TYPE, PERMISSION, SEQ, ICON, URL, OPEN_TYPE, DISABLED, REMARK, CREATE_BY, CREATE_TIME, UPDATE_BY, UPDATE_TIME) VALUES (1001006004, 1001006, '0/1001/1001006', '类型-详情', 'BTN',       'system:dict:type:detail', 4, null, null, null, 0, null, 1, CURRENT_TIMESTAMP(), 1, CURRENT_TIMESTAMP());
INSERT INTO VTL_MENU (ID, PARENT_ID, ANCESTORS, TITLE, TYPE, PERMISSION, SEQ, ICON, URL, OPEN_TYPE, DISABLED, REMARK, CREATE_BY, CREATE_TIME, UPDATE_BY, UPDATE_TIME) VALUES (1001006005, 1001006, '0/1001/1001006', '类型-删除', 'BTN',       'system:dict:type:delete', 5, null, null, null, 0, null, 1, CURRENT_TIMESTAMP(), 1, CURRENT_TIMESTAMP());
INSERT INTO VTL_MENU (ID, PARENT_ID, ANCESTORS, TITLE, TYPE, PERMISSION, SEQ, ICON, URL, OPEN_TYPE, DISABLED, REMARK, CREATE_BY, CREATE_TIME, UPDATE_BY, UPDATE_TIME) VALUES (1001006011, 1001006, '0/1001/1001006', '数据-列表', 'BTN',       'system:dict:data:list', 11, null, null, null, 0, null, 1, CURRENT_TIMESTAMP(), 1, CURRENT_TIMESTAMP());
INSERT INTO VTL_MENU (ID, PARENT_ID, ANCESTORS, TITLE, TYPE, PERMISSION, SEQ, ICON, URL, OPEN_TYPE, DISABLED, REMARK, CREATE_BY, CREATE_TIME, UPDATE_BY, UPDATE_TIME) VALUES (1001006012, 1001006, '0/1001/1001006', '数据-新增', 'BTN',       'system:dict:data:add', 12, null, null, null, 0, null, 1, CURRENT_TIMESTAMP(), 1, CURRENT_TIMESTAMP());
INSERT INTO VTL_MENU (ID, PARENT_ID, ANCESTORS, TITLE, TYPE, PERMISSION, SEQ, ICON, URL, OPEN_TYPE, DISABLED, REMARK, CREATE_BY, CREATE_TIME, UPDATE_BY, UPDATE_TIME) VALUES (1001006013, 1001006, '0/1001/1001006', '数据-编辑', 'BTN',       'system:dict:data:edit', 13, null, null, null, 0, null, 1, CURRENT_TIMESTAMP(), 1, CURRENT_TIMESTAMP());
INSERT INTO VTL_MENU (ID, PARENT_ID, ANCESTORS, TITLE, TYPE, PERMISSION, SEQ, ICON, URL, OPEN_TYPE, DISABLED, REMARK, CREATE_BY, CREATE_TIME, UPDATE_BY, UPDATE_TIME) VALUES (1001006014, 1001006, '0/1001/1001006', '数据-详情', 'BTN',       'system:dict:data:detail', 14, null, null, null, 0, null, 1, CURRENT_TIMESTAMP(), 1, CURRENT_TIMESTAMP());
INSERT INTO VTL_MENU (ID, PARENT_ID, ANCESTORS, TITLE, TYPE, PERMISSION, SEQ, ICON, URL, OPEN_TYPE, DISABLED, REMARK, CREATE_BY, CREATE_TIME, UPDATE_BY, UPDATE_TIME) VALUES (1001006015, 1001006, '0/1001/1001006', '数据-删除', 'BTN',       'system:dict:data:delete', 15, null, null, null, 0, null, 1, CURRENT_TIMESTAMP(), 1, CURRENT_TIMESTAMP());
INSERT INTO VTL_MENU (ID, PARENT_ID, ANCESTORS, TITLE, TYPE, PERMISSION, SEQ, ICON, URL, OPEN_TYPE, DISABLED, REMARK, CREATE_BY, CREATE_TIME, UPDATE_BY, UPDATE_TIME) VALUES (1001006016, 1001006, '0/1001/1001006', '数据-设为默认', 'BTN',   'system:dict:data:setDefault', 16, null, null, null, 0, null, 1, CURRENT_TIMESTAMP(), 1, CURRENT_TIMESTAMP());
INSERT INTO VTL_MENU (ID, PARENT_ID, ANCESTORS, TITLE, TYPE, PERMISSION, SEQ, ICON, URL, OPEN_TYPE, DISABLED, REMARK, CREATE_BY, CREATE_TIME, UPDATE_BY, UPDATE_TIME) VALUES (1001006017, 1001006, '0/1001/1001006', '启用/停用', 'BTN',       'system:dict:data:disabled', 17, null, null, null, 0, null, 1, CURRENT_TIMESTAMP(), 1, CURRENT_TIMESTAMP());

INSERT INTO VTL_MENU (ID, PARENT_ID, ANCESTORS, TITLE, TYPE, PERMISSION, SEQ, ICON, URL, OPEN_TYPE, DISABLED, REMARK, CREATE_BY, CREATE_TIME, UPDATE_BY, UPDATE_TIME) VALUES (1001007, 1001, '0/1001', '配置管理', 'MENU',  'system:config', 7, null, 'views/system/config/configList.html', '_iframe', 0, null, 1, CURRENT_TIMESTAMP(), 1, CURRENT_TIMESTAMP());
INSERT INTO VTL_MENU (ID, PARENT_ID, ANCESTORS, TITLE, TYPE, PERMISSION, SEQ, ICON, URL, OPEN_TYPE, DISABLED, REMARK, CREATE_BY, CREATE_TIME, UPDATE_BY, UPDATE_TIME) VALUES (1001007001, 1001007, '0/1001/1001007', '列表', 'BTN', 'system:config:list', 1, null, null, null, 0, null, 1, CURRENT_TIMESTAMP(), 1, CURRENT_TIMESTAMP());
INSERT INTO VTL_MENU (ID, PARENT_ID, ANCESTORS, TITLE, TYPE, PERMISSION, SEQ, ICON, URL, OPEN_TYPE, DISABLED, REMARK, CREATE_BY, CREATE_TIME, UPDATE_BY, UPDATE_TIME) VALUES (1001007002, 1001007, '0/1001/1001007', '新增', 'BTN', 'system:config:add', 2, null, null, null, 0, null, 1, CURRENT_TIMESTAMP(), 1, CURRENT_TIMESTAMP());
INSERT INTO VTL_MENU (ID, PARENT_ID, ANCESTORS, TITLE, TYPE, PERMISSION, SEQ, ICON, URL, OPEN_TYPE, DISABLED, REMARK, CREATE_BY, CREATE_TIME, UPDATE_BY, UPDATE_TIME) VALUES (1001007003, 1001007, '0/1001/1001007', '编辑', 'BTN', 'system:config:edit', 3, null, null, null, 0, null, 1, CURRENT_TIMESTAMP(), 1, CURRENT_TIMESTAMP());
INSERT INTO VTL_MENU (ID, PARENT_ID, ANCESTORS, TITLE, TYPE, PERMISSION, SEQ, ICON, URL, OPEN_TYPE, DISABLED, REMARK, CREATE_BY, CREATE_TIME, UPDATE_BY, UPDATE_TIME) VALUES (1001007004, 1001007, '0/1001/1001007', '详情', 'BTN', 'system:config:detail', 4, null, null, null, 0, null, 1, CURRENT_TIMESTAMP(), 1, CURRENT_TIMESTAMP());
INSERT INTO VTL_MENU (ID, PARENT_ID, ANCESTORS, TITLE, TYPE, PERMISSION, SEQ, ICON, URL, OPEN_TYPE, DISABLED, REMARK, CREATE_BY, CREATE_TIME, UPDATE_BY, UPDATE_TIME) VALUES (1001007005, 1001007, '0/1001/1001007', '删除', 'BTN', 'system:config:delete', 5, null, null, null, 0, null, 1, CURRENT_TIMESTAMP(), 1, CURRENT_TIMESTAMP());

INSERT INTO VTL_MENU (ID, PARENT_ID, ANCESTORS, TITLE, TYPE, PERMISSION, SEQ, ICON, URL, OPEN_TYPE, DISABLED, REMARK, CREATE_BY, CREATE_TIME, UPDATE_BY, UPDATE_TIME) VALUES (1002,       0, '0',      '系统监控', 'DIR',  'monitor', 30, 'layui-icon layui-icon-chart-screen', null, null, 0, null, 1, CURRENT_TIMESTAMP(), 1, CURRENT_TIMESTAMP());
INSERT INTO VTL_MENU (ID, PARENT_ID, ANCESTORS, TITLE, TYPE, PERMISSION, SEQ, ICON, URL, OPEN_TYPE, DISABLED, REMARK, CREATE_BY, CREATE_TIME, UPDATE_BY, UPDATE_TIME) VALUES (1002001, 1002, '0/1002', '应用监控', 'MENU', 'monitor:application', 1, null, 'views/monitor/server.html', '_iframe', 0, null, 1, CURRENT_TIMESTAMP(), 1, CURRENT_TIMESTAMP());

INSERT INTO VTL_MENU (ID, PARENT_ID, ANCESTORS, TITLE, TYPE, PERMISSION, SEQ, ICON, URL, OPEN_TYPE, DISABLED, REMARK, CREATE_BY, CREATE_TIME, UPDATE_BY, UPDATE_TIME) VALUES (1002002, 1002, '0/1002', '在线用户', 'MENU', 'monitor:onlineUser', 2, null, 'views/monitor/onlineUser.html', '_iframe', 0, null, 1, CURRENT_TIMESTAMP(), 1, CURRENT_TIMESTAMP());
INSERT INTO VTL_MENU (ID, PARENT_ID, ANCESTORS, TITLE, TYPE, PERMISSION, SEQ, ICON, URL, OPEN_TYPE, DISABLED, REMARK, CREATE_BY, CREATE_TIME, UPDATE_BY, UPDATE_TIME) VALUES (1002002001, 1002002, '0/1002/1002002', '详情', 'BTN', 'system:onlineUser:detail', 1, null, null, null, 0, null, 1, CURRENT_TIMESTAMP(), 1, CURRENT_TIMESTAMP());
INSERT INTO VTL_MENU (ID, PARENT_ID, ANCESTORS, TITLE, TYPE, PERMISSION, SEQ, ICON, URL, OPEN_TYPE, DISABLED, REMARK, CREATE_BY, CREATE_TIME, UPDATE_BY, UPDATE_TIME) VALUES (1002002002, 1002002, '0/1002/1002002', '删除', 'BTN', 'system:onlineUser:delete', 2, null, null, null, 0, null, 1, CURRENT_TIMESTAMP(), 1, CURRENT_TIMESTAMP());

INSERT INTO VTL_MENU (ID, PARENT_ID, ANCESTORS, TITLE, TYPE, PERMISSION, SEQ, ICON, URL, OPEN_TYPE, DISABLED, REMARK, CREATE_BY, CREATE_TIME, UPDATE_BY, UPDATE_TIME) VALUES (1002003, 1002, '0/1002', '登录日志', 'MENU', 'monitor:loginLog', 3, null, 'views/monitor/loginLog.html', '_iframe', 0, null, 1, CURRENT_TIMESTAMP(), 1, CURRENT_TIMESTAMP());
INSERT INTO VTL_MENU (ID, PARENT_ID, ANCESTORS, TITLE, TYPE, PERMISSION, SEQ, ICON, URL, OPEN_TYPE, DISABLED, REMARK, CREATE_BY, CREATE_TIME, UPDATE_BY, UPDATE_TIME) VALUES (1002003001, 1002003, '0/1002/1002003', '详情', 'BTN', 'system:loginLog:detail', 1, null, null, null, 0, null, 1, CURRENT_TIMESTAMP(), 1, CURRENT_TIMESTAMP());
INSERT INTO VTL_MENU (ID, PARENT_ID, ANCESTORS, TITLE, TYPE, PERMISSION, SEQ, ICON, URL, OPEN_TYPE, DISABLED, REMARK, CREATE_BY, CREATE_TIME, UPDATE_BY, UPDATE_TIME) VALUES (1002003002, 1002003, '0/1002/1002003', '删除', 'BTN', 'system:loginLog:delete', 2, null, null, null, 0, null, 1, CURRENT_TIMESTAMP(), 1, CURRENT_TIMESTAMP());

INSERT INTO VTL_MENU (ID, PARENT_ID, ANCESTORS, TITLE, TYPE, PERMISSION, SEQ, ICON, URL, OPEN_TYPE, DISABLED, REMARK, CREATE_BY, CREATE_TIME, UPDATE_BY, UPDATE_TIME) VALUES (1002004, 1002, '0/1002', '操作日志', 'MENU', 'monitor:operationLog', 4, null, 'views/monitor/operationLog.html', '_iframe', 0, null, 1, CURRENT_TIMESTAMP(), 1, CURRENT_TIMESTAMP());
INSERT INTO VTL_MENU (ID, PARENT_ID, ANCESTORS, TITLE, TYPE, PERMISSION, SEQ, ICON, URL, OPEN_TYPE, DISABLED, REMARK, CREATE_BY, CREATE_TIME, UPDATE_BY, UPDATE_TIME) VALUES (1002004001, 1002004, '0/1002/1002004', '详情', 'BTN', 'system:operationLog:detail', 1, null, null, null, 0, null, 1, CURRENT_TIMESTAMP(), 1, CURRENT_TIMESTAMP());
INSERT INTO VTL_MENU (ID, PARENT_ID, ANCESTORS, TITLE, TYPE, PERMISSION, SEQ, ICON, URL, OPEN_TYPE, DISABLED, REMARK, CREATE_BY, CREATE_TIME, UPDATE_BY, UPDATE_TIME) VALUES (1002004002, 1002004, '0/1002/1002004', '删除', 'BTN', 'system:operationLog:delete', 2, null, null, null, 0, null, 1, CURRENT_TIMESTAMP(), 1, CURRENT_TIMESTAMP());

INSERT INTO VTL_MENU (ID, PARENT_ID, ANCESTORS, TITLE, TYPE, PERMISSION, SEQ, ICON, URL, OPEN_TYPE, DISABLED, REMARK, CREATE_BY, CREATE_TIME, UPDATE_BY, UPDATE_TIME) VALUES (1002005, 1002, '0/1002', '错误日志', 'MENU', 'monitor:errorLog', 5, null, 'views/monitor/errorLog.html', '_iframe', 0, null, 1, CURRENT_TIMESTAMP(), 1, CURRENT_TIMESTAMP());
INSERT INTO VTL_MENU (ID, PARENT_ID, ANCESTORS, TITLE, TYPE, PERMISSION, SEQ, ICON, URL, OPEN_TYPE, DISABLED, REMARK, CREATE_BY, CREATE_TIME, UPDATE_BY, UPDATE_TIME) VALUES (1002005001, 1002005, '0/1002/1002005', '详情', 'BTN', 'system:errorLog:detail', 1, null, null, null, 0, null, 1, CURRENT_TIMESTAMP(), 1, CURRENT_TIMESTAMP());
INSERT INTO VTL_MENU (ID, PARENT_ID, ANCESTORS, TITLE, TYPE, PERMISSION, SEQ, ICON, URL, OPEN_TYPE, DISABLED, REMARK, CREATE_BY, CREATE_TIME, UPDATE_BY, UPDATE_TIME) VALUES (1002005002, 1002005, '0/1002/1002005', '删除', 'BTN', 'system:errorLog:delete', 2, null, null, null, 0, null, 1, CURRENT_TIMESTAMP(), 1, CURRENT_TIMESTAMP());

-- 菜单 工作空间ANCESTORS,
INSERT INTO VTL_MENU (ID, PARENT_ID, ANCESTORS, TITLE, TYPE, PERMISSION, SEQ, ICON, URL, OPEN_TYPE, DISABLED, REMARK, CREATE_BY, CREATE_TIME, UPDATE_BY, UPDATE_TIME) VALUES (1003,       0, '0',      '工作空间', 'DIR', 'workspace', 40, 'layui-icon layui-icon-console', null, null, 0, null, 1, CURRENT_TIMESTAMP(), 1, CURRENT_TIMESTAMP());
INSERT INTO VTL_MENU (ID, PARENT_ID, ANCESTORS, TITLE, TYPE, PERMISSION, SEQ, ICON, URL, OPEN_TYPE, DISABLED, REMARK, CREATE_BY, CREATE_TIME, UPDATE_BY, UPDATE_TIME) VALUES (1003001, 1003, '0/1003', '控制后台', 'MENU', 'workspace:console', 1, null, 'view/console/console1.html', '_iframe', 0, null, 1, CURRENT_TIMESTAMP(), 1, CURRENT_TIMESTAMP());
INSERT INTO VTL_MENU (ID, PARENT_ID, ANCESTORS, TITLE, TYPE, PERMISSION, SEQ, ICON, URL, OPEN_TYPE, DISABLED, REMARK, CREATE_BY, CREATE_TIME, UPDATE_BY, UPDATE_TIME) VALUES (1003002, 1003, '0/1003', '数据分析', 'MENU', 'workspace:analysis', 2, null, 'view/console/console2.html', '_iframe', 0, null, 1, CURRENT_TIMESTAMP(), 1, CURRENT_TIMESTAMP());

INSERT INTO VTL_MENU (ID, PARENT_ID, ANCESTORS, TITLE, TYPE, PERMISSION, SEQ, ICON, URL, OPEN_TYPE, DISABLED, REMARK, CREATE_BY, CREATE_TIME, UPDATE_BY, UPDATE_TIME) VALUES (1004, 0, '0', '公告管理', 'MENU',  'system:announcement', 50, 'layui-icon layui-icon-notice', 'views/system/announcement/announcementList.html', '_iframe', 0, null, 1, CURRENT_TIMESTAMP(), 1, CURRENT_TIMESTAMP());
INSERT INTO VTL_MENU (ID, PARENT_ID, ANCESTORS, TITLE, TYPE, PERMISSION, SEQ, ICON, URL, OPEN_TYPE, DISABLED, REMARK, CREATE_BY, CREATE_TIME, UPDATE_BY, UPDATE_TIME) VALUES (1004001, 1004, '0/1004', '列表', 'BTN', 'system:announcement:list', 1, null, null, null, 0, null, 1, CURRENT_TIMESTAMP(), 1, CURRENT_TIMESTAMP());
INSERT INTO VTL_MENU (ID, PARENT_ID, ANCESTORS, TITLE, TYPE, PERMISSION, SEQ, ICON, URL, OPEN_TYPE, DISABLED, REMARK, CREATE_BY, CREATE_TIME, UPDATE_BY, UPDATE_TIME) VALUES (1004002, 1004, '0/1004', '新增', 'BTN', 'system:announcement:add', 2, null, null, null, 0, null, 1, CURRENT_TIMESTAMP(), 1, CURRENT_TIMESTAMP());
INSERT INTO VTL_MENU (ID, PARENT_ID, ANCESTORS, TITLE, TYPE, PERMISSION, SEQ, ICON, URL, OPEN_TYPE, DISABLED, REMARK, CREATE_BY, CREATE_TIME, UPDATE_BY, UPDATE_TIME) VALUES (1004003, 1004, '0/1004', '编辑', 'BTN', 'system:announcement:edit', 3, null, null, null, 0, null, 1, CURRENT_TIMESTAMP(), 1, CURRENT_TIMESTAMP());
INSERT INTO VTL_MENU (ID, PARENT_ID, ANCESTORS, TITLE, TYPE, PERMISSION, SEQ, ICON, URL, OPEN_TYPE, DISABLED, REMARK, CREATE_BY, CREATE_TIME, UPDATE_BY, UPDATE_TIME) VALUES (1004004, 1004, '0/1004', '详情', 'BTN', 'system:announcement:detail', 4, null, null, null, 0, null, 1, CURRENT_TIMESTAMP(), 1, CURRENT_TIMESTAMP());
INSERT INTO VTL_MENU (ID, PARENT_ID, ANCESTORS, TITLE, TYPE, PERMISSION, SEQ, ICON, URL, OPEN_TYPE, DISABLED, REMARK, CREATE_BY, CREATE_TIME, UPDATE_BY, UPDATE_TIME) VALUES (1004005, 1004, '0/1004', '删除', 'BTN', 'system:announcement:delete', 5, null, null, null, 0, null, 1, CURRENT_TIMESTAMP(), 1, CURRENT_TIMESTAMP());
INSERT INTO VTL_MENU (ID, PARENT_ID, ANCESTORS, TITLE, TYPE, PERMISSION, SEQ, ICON, URL, OPEN_TYPE, DISABLED, REMARK, CREATE_BY, CREATE_TIME, UPDATE_BY, UPDATE_TIME) VALUES (1004006, 1004, '0/1004', '发布', 'BTN', 'system:announcement:release', 6, null, null, null, 0, null, 1, CURRENT_TIMESTAMP(), 1, CURRENT_TIMESTAMP());
INSERT INTO VTL_MENU (ID, PARENT_ID, ANCESTORS, TITLE, TYPE, PERMISSION, SEQ, ICON, URL, OPEN_TYPE, DISABLED, REMARK, CREATE_BY, CREATE_TIME, UPDATE_BY, UPDATE_TIME) VALUES (1004007, 1004, '0/1004', '撤回', 'BTN', 'system:announcement:revocation', 7, null, null, null, 0, null, 1, CURRENT_TIMESTAMP(), 1, CURRENT_TIMESTAMP());

INSERT INTO VTL_MENU (ID, PARENT_ID, ANCESTORS, TITLE, TYPE, PERMISSION, SEQ, ICON, URL, OPEN_TYPE, DISABLED, REMARK, CREATE_BY, CREATE_TIME, UPDATE_BY, UPDATE_TIME) VALUES (9001,       0,       '0',              '开发工具',   'DIR', 'tool', 9001, 'layui-icon layui-icon-util', null, null, 0, null, 1, CURRENT_TIMESTAMP(), 1, CURRENT_TIMESTAMP());
INSERT INTO VTL_MENU (ID, PARENT_ID, ANCESTORS, TITLE, TYPE, PERMISSION, SEQ, ICON, URL, OPEN_TYPE, DISABLED, REMARK, CREATE_BY, CREATE_TIME, UPDATE_BY, UPDATE_TIME) VALUES (9001001,    9001,    '0/9001',         '代码生成器', 'MENU', 'tool:codeGenerator', 1, null, 'views/generator/generatorIndex.html', '_iframe', 0, null, 1, CURRENT_TIMESTAMP(), 1, CURRENT_TIMESTAMP());
INSERT INTO VTL_MENU (ID, PARENT_ID, ANCESTORS, TITLE, TYPE, PERMISSION, SEQ, ICON, URL, OPEN_TYPE, DISABLED, REMARK, CREATE_BY, CREATE_TIME, UPDATE_BY, UPDATE_TIME) VALUES (9001002,    9001,    '0/9001',         '表单构建器', 'MENU', 'tool:formBuilder', 2, null, 'component/code/index.html', '_iframe', 0, null, 1, CURRENT_TIMESTAMP(), 1, CURRENT_TIMESTAMP());
INSERT INTO VTL_MENU (ID, PARENT_ID, ANCESTORS, TITLE, TYPE, PERMISSION, SEQ, ICON, URL, OPEN_TYPE, DISABLED, REMARK, CREATE_BY, CREATE_TIME, UPDATE_BY, UPDATE_TIME) VALUES (9001003,    9001,    '0/9001',         '接口文档',   'MENU', 'tool:knife4jDoc', 3, null, '/doc.html', '_iframe', 0, null, 1, CURRENT_TIMESTAMP(), 1, CURRENT_TIMESTAMP());
INSERT INTO VTL_MENU (ID, PARENT_ID, ANCESTORS, TITLE, TYPE, PERMISSION, SEQ, ICON, URL, OPEN_TYPE, DISABLED, REMARK, CREATE_BY, CREATE_TIME, UPDATE_BY, UPDATE_TIME) VALUES (9001009,    9001,    '0/9001',         '数据列表',   'DIR', 'tool:systemData', 9, 'layui-icon layui-icon-list', null, null, 0, null, 1, CURRENT_TIMESTAMP(), 1, CURRENT_TIMESTAMP());
INSERT INTO VTL_MENU (ID, PARENT_ID, ANCESTORS, TITLE, TYPE, PERMISSION, SEQ, ICON, URL, OPEN_TYPE, DISABLED, REMARK, CREATE_BY, CREATE_TIME, UPDATE_BY, UPDATE_TIME) VALUES (9001009001, 9001009, '0/9001/9001009', '通知数据',   'MENU', 'tool:systemData:notice', 1, null, 'views/system/notice/noticeList.html', '_iframe', 0, null, 1, CURRENT_TIMESTAMP(), 1, CURRENT_TIMESTAMP());
INSERT INTO VTL_MENU (ID, PARENT_ID, ANCESTORS, TITLE, TYPE, PERMISSION, SEQ, ICON, URL, OPEN_TYPE, DISABLED, REMARK, CREATE_BY, CREATE_TIME, UPDATE_BY, UPDATE_TIME) VALUES (9001009002, 9001009, '0/9001/9001009', '文件数据',   'MENU', 'tool:systemData:file', 2, null, 'views/system/file/fileList.html', '_iframe', 0, null, 1, CURRENT_TIMESTAMP(), 1, CURRENT_TIMESTAMP());


-- 菜单-角色（表ID分配规则：表ID = 角色ID + 菜单ID）
INSERT INTO VTL_MENU_ROLE_RLT (ID, MENU_ID, ROLE_ID, CREATE_BY, CREATE_TIME, UPDATE_BY, UPDATE_TIME) VALUES (21         , 1         , 2, 1, CURRENT_TIMESTAMP(), 1, CURRENT_TIMESTAMP());
INSERT INTO VTL_MENU_ROLE_RLT (ID, MENU_ID, ROLE_ID, CREATE_BY, CREATE_TIME, UPDATE_BY, UPDATE_TIME) VALUES (21003      , 1003      , 2, 1, CURRENT_TIMESTAMP(), 1, CURRENT_TIMESTAMP());
INSERT INTO VTL_MENU_ROLE_RLT (ID, MENU_ID, ROLE_ID, CREATE_BY, CREATE_TIME, UPDATE_BY, UPDATE_TIME) VALUES (21003001   , 1003001   , 2, 1, CURRENT_TIMESTAMP(), 1, CURRENT_TIMESTAMP());
INSERT INTO VTL_MENU_ROLE_RLT (ID, MENU_ID, ROLE_ID, CREATE_BY, CREATE_TIME, UPDATE_BY, UPDATE_TIME) VALUES (21003002   , 1003002   , 2, 1, CURRENT_TIMESTAMP(), 1, CURRENT_TIMESTAMP());
INSERT INTO VTL_MENU_ROLE_RLT (ID, MENU_ID, ROLE_ID, CREATE_BY, CREATE_TIME, UPDATE_BY, UPDATE_TIME) VALUES (21004      , 1004      , 2, 1, CURRENT_TIMESTAMP(), 1, CURRENT_TIMESTAMP());
INSERT INTO VTL_MENU_ROLE_RLT (ID, MENU_ID, ROLE_ID, CREATE_BY, CREATE_TIME, UPDATE_BY, UPDATE_TIME) VALUES (21004001   , 1004001   , 2, 1, CURRENT_TIMESTAMP(), 1, CURRENT_TIMESTAMP());
INSERT INTO VTL_MENU_ROLE_RLT (ID, MENU_ID, ROLE_ID, CREATE_BY, CREATE_TIME, UPDATE_BY, UPDATE_TIME) VALUES (21004004   , 1004004   , 2, 1, CURRENT_TIMESTAMP(), 1, CURRENT_TIMESTAMP());

INSERT INTO VTL_MENU_ROLE_RLT (ID, MENU_ID, ROLE_ID, CREATE_BY, CREATE_TIME, UPDATE_BY, UPDATE_TIME) VALUES (31         , 1         , 3, 1, CURRENT_TIMESTAMP(), 1, CURRENT_TIMESTAMP());
INSERT INTO VTL_MENU_ROLE_RLT (ID, MENU_ID, ROLE_ID, CREATE_BY, CREATE_TIME, UPDATE_BY, UPDATE_TIME) VALUES (31001      , 1001      , 3, 1, CURRENT_TIMESTAMP(), 1, CURRENT_TIMESTAMP());
INSERT INTO VTL_MENU_ROLE_RLT (ID, MENU_ID, ROLE_ID, CREATE_BY, CREATE_TIME, UPDATE_BY, UPDATE_TIME) VALUES (31001001   , 1001001   , 3, 1, CURRENT_TIMESTAMP(), 1, CURRENT_TIMESTAMP());
INSERT INTO VTL_MENU_ROLE_RLT (ID, MENU_ID, ROLE_ID, CREATE_BY, CREATE_TIME, UPDATE_BY, UPDATE_TIME) VALUES (31001001001, 1001001001, 3, 1, CURRENT_TIMESTAMP(), 1, CURRENT_TIMESTAMP());
INSERT INTO VTL_MENU_ROLE_RLT (ID, MENU_ID, ROLE_ID, CREATE_BY, CREATE_TIME, UPDATE_BY, UPDATE_TIME) VALUES (31001001002, 1001001002, 3, 1, CURRENT_TIMESTAMP(), 1, CURRENT_TIMESTAMP());
INSERT INTO VTL_MENU_ROLE_RLT (ID, MENU_ID, ROLE_ID, CREATE_BY, CREATE_TIME, UPDATE_BY, UPDATE_TIME) VALUES (31001001003, 1001001003, 3, 1, CURRENT_TIMESTAMP(), 1, CURRENT_TIMESTAMP());
INSERT INTO VTL_MENU_ROLE_RLT (ID, MENU_ID, ROLE_ID, CREATE_BY, CREATE_TIME, UPDATE_BY, UPDATE_TIME) VALUES (31001001004, 1001001004, 3, 1, CURRENT_TIMESTAMP(), 1, CURRENT_TIMESTAMP());
--INSERT INTO VTL_MENU_ROLE_RLT (ID, MENU_ID, ROLE_ID, CREATE_BY, CREATE_TIME, UPDATE_BY, UPDATE_TIME) VALUES (31001001005, 1001001005, 3, 1, CURRENT_TIMESTAMP(), 1, CURRENT_TIMESTAMP());
INSERT INTO VTL_MENU_ROLE_RLT (ID, MENU_ID, ROLE_ID, CREATE_BY, CREATE_TIME, UPDATE_BY, UPDATE_TIME) VALUES (31001001006, 1001001006, 3, 1, CURRENT_TIMESTAMP(), 1, CURRENT_TIMESTAMP());
INSERT INTO VTL_MENU_ROLE_RLT (ID, MENU_ID, ROLE_ID, CREATE_BY, CREATE_TIME, UPDATE_BY, UPDATE_TIME) VALUES (31001001007, 1001001007, 3, 1, CURRENT_TIMESTAMP(), 1, CURRENT_TIMESTAMP());
INSERT INTO VTL_MENU_ROLE_RLT (ID, MENU_ID, ROLE_ID, CREATE_BY, CREATE_TIME, UPDATE_BY, UPDATE_TIME) VALUES (31001001008, 1001001008, 3, 1, CURRENT_TIMESTAMP(), 1, CURRENT_TIMESTAMP());

INSERT INTO VTL_MENU_ROLE_RLT (ID, MENU_ID, ROLE_ID, CREATE_BY, CREATE_TIME, UPDATE_BY, UPDATE_TIME) VALUES (31001002   , 1001002   , 3, 1, CURRENT_TIMESTAMP(), 1, CURRENT_TIMESTAMP());
INSERT INTO VTL_MENU_ROLE_RLT (ID, MENU_ID, ROLE_ID, CREATE_BY, CREATE_TIME, UPDATE_BY, UPDATE_TIME) VALUES (31001002001, 1001002001, 3, 1, CURRENT_TIMESTAMP(), 1, CURRENT_TIMESTAMP());
INSERT INTO VTL_MENU_ROLE_RLT (ID, MENU_ID, ROLE_ID, CREATE_BY, CREATE_TIME, UPDATE_BY, UPDATE_TIME) VALUES (31001002002, 1001002002, 3, 1, CURRENT_TIMESTAMP(), 1, CURRENT_TIMESTAMP());
INSERT INTO VTL_MENU_ROLE_RLT (ID, MENU_ID, ROLE_ID, CREATE_BY, CREATE_TIME, UPDATE_BY, UPDATE_TIME) VALUES (31001002003, 1001002003, 3, 1, CURRENT_TIMESTAMP(), 1, CURRENT_TIMESTAMP());
INSERT INTO VTL_MENU_ROLE_RLT (ID, MENU_ID, ROLE_ID, CREATE_BY, CREATE_TIME, UPDATE_BY, UPDATE_TIME) VALUES (31001002004, 1001002004, 3, 1, CURRENT_TIMESTAMP(), 1, CURRENT_TIMESTAMP());
--INSERT INTO VTL_MENU_ROLE_RLT (ID, MENU_ID, ROLE_ID, CREATE_BY, CREATE_TIME, UPDATE_BY, UPDATE_TIME) VALUES (31001002005, 1001002005, 3, 1, CURRENT_TIMESTAMP(), 1, CURRENT_TIMESTAMP());
INSERT INTO VTL_MENU_ROLE_RLT (ID, MENU_ID, ROLE_ID, CREATE_BY, CREATE_TIME, UPDATE_BY, UPDATE_TIME) VALUES (31001002006, 1001002006, 3, 1, CURRENT_TIMESTAMP(), 1, CURRENT_TIMESTAMP());
INSERT INTO VTL_MENU_ROLE_RLT (ID, MENU_ID, ROLE_ID, CREATE_BY, CREATE_TIME, UPDATE_BY, UPDATE_TIME) VALUES (31001002007, 1001002007, 3, 1, CURRENT_TIMESTAMP(), 1, CURRENT_TIMESTAMP());
INSERT INTO VTL_MENU_ROLE_RLT (ID, MENU_ID, ROLE_ID, CREATE_BY, CREATE_TIME, UPDATE_BY, UPDATE_TIME) VALUES (31001002008, 1001002008, 3, 1, CURRENT_TIMESTAMP(), 1, CURRENT_TIMESTAMP());

INSERT INTO VTL_MENU_ROLE_RLT (ID, MENU_ID, ROLE_ID, CREATE_BY, CREATE_TIME, UPDATE_BY, UPDATE_TIME) VALUES (31001003   , 1001003   , 3, 1, CURRENT_TIMESTAMP(), 1, CURRENT_TIMESTAMP());
INSERT INTO VTL_MENU_ROLE_RLT (ID, MENU_ID, ROLE_ID, CREATE_BY, CREATE_TIME, UPDATE_BY, UPDATE_TIME) VALUES (31001003001, 1001003001, 3, 1, CURRENT_TIMESTAMP(), 1, CURRENT_TIMESTAMP());
INSERT INTO VTL_MENU_ROLE_RLT (ID, MENU_ID, ROLE_ID, CREATE_BY, CREATE_TIME, UPDATE_BY, UPDATE_TIME) VALUES (31001003002, 1001003002, 3, 1, CURRENT_TIMESTAMP(), 1, CURRENT_TIMESTAMP());
INSERT INTO VTL_MENU_ROLE_RLT (ID, MENU_ID, ROLE_ID, CREATE_BY, CREATE_TIME, UPDATE_BY, UPDATE_TIME) VALUES (31001003003, 1001003003, 3, 1, CURRENT_TIMESTAMP(), 1, CURRENT_TIMESTAMP());
INSERT INTO VTL_MENU_ROLE_RLT (ID, MENU_ID, ROLE_ID, CREATE_BY, CREATE_TIME, UPDATE_BY, UPDATE_TIME) VALUES (31001003004, 1001003004, 3, 1, CURRENT_TIMESTAMP(), 1, CURRENT_TIMESTAMP());
--INSERT INTO VTL_MENU_ROLE_RLT (ID, MENU_ID, ROLE_ID, CREATE_BY, CREATE_TIME, UPDATE_BY, UPDATE_TIME) VALUES (31001003005, 1001003005, 3, 1, CURRENT_TIMESTAMP(), 1, CURRENT_TIMESTAMP());
INSERT INTO VTL_MENU_ROLE_RLT (ID, MENU_ID, ROLE_ID, CREATE_BY, CREATE_TIME, UPDATE_BY, UPDATE_TIME) VALUES (31001003006, 1001003006, 3, 1, CURRENT_TIMESTAMP(), 1, CURRENT_TIMESTAMP());

INSERT INTO VTL_MENU_ROLE_RLT (ID, MENU_ID, ROLE_ID, CREATE_BY, CREATE_TIME, UPDATE_BY, UPDATE_TIME) VALUES (31001004   , 1001004   , 3, 1, CURRENT_TIMESTAMP(), 1, CURRENT_TIMESTAMP());
INSERT INTO VTL_MENU_ROLE_RLT (ID, MENU_ID, ROLE_ID, CREATE_BY, CREATE_TIME, UPDATE_BY, UPDATE_TIME) VALUES (31001004001, 1001004001, 3, 1, CURRENT_TIMESTAMP(), 1, CURRENT_TIMESTAMP());
INSERT INTO VTL_MENU_ROLE_RLT (ID, MENU_ID, ROLE_ID, CREATE_BY, CREATE_TIME, UPDATE_BY, UPDATE_TIME) VALUES (31001004002, 1001004002, 3, 1, CURRENT_TIMESTAMP(), 1, CURRENT_TIMESTAMP());
INSERT INTO VTL_MENU_ROLE_RLT (ID, MENU_ID, ROLE_ID, CREATE_BY, CREATE_TIME, UPDATE_BY, UPDATE_TIME) VALUES (31001004003, 1001004003, 3, 1, CURRENT_TIMESTAMP(), 1, CURRENT_TIMESTAMP());
INSERT INTO VTL_MENU_ROLE_RLT (ID, MENU_ID, ROLE_ID, CREATE_BY, CREATE_TIME, UPDATE_BY, UPDATE_TIME) VALUES (31001004004, 1001004004, 3, 1, CURRENT_TIMESTAMP(), 1, CURRENT_TIMESTAMP());
--INSERT INTO VTL_MENU_ROLE_RLT (ID, MENU_ID, ROLE_ID, CREATE_BY, CREATE_TIME, UPDATE_BY, UPDATE_TIME) VALUES (31001004005, 1001004005, 3, 1, CURRENT_TIMESTAMP(), 1, CURRENT_TIMESTAMP());
INSERT INTO VTL_MENU_ROLE_RLT (ID, MENU_ID, ROLE_ID, CREATE_BY, CREATE_TIME, UPDATE_BY, UPDATE_TIME) VALUES (31001004006, 1001004006, 3, 1, CURRENT_TIMESTAMP(), 1, CURRENT_TIMESTAMP());
INSERT INTO VTL_MENU_ROLE_RLT (ID, MENU_ID, ROLE_ID, CREATE_BY, CREATE_TIME, UPDATE_BY, UPDATE_TIME) VALUES (31001004007, 1001004007, 3, 1, CURRENT_TIMESTAMP(), 1, CURRENT_TIMESTAMP());
INSERT INTO VTL_MENU_ROLE_RLT (ID, MENU_ID, ROLE_ID, CREATE_BY, CREATE_TIME, UPDATE_BY, UPDATE_TIME) VALUES (31001004008, 1001004008, 3, 1, CURRENT_TIMESTAMP(), 1, CURRENT_TIMESTAMP());

INSERT INTO VTL_MENU_ROLE_RLT (ID, MENU_ID, ROLE_ID, CREATE_BY, CREATE_TIME, UPDATE_BY, UPDATE_TIME) VALUES (31001005   , 1001005   , 3, 1, CURRENT_TIMESTAMP(), 1, CURRENT_TIMESTAMP());
INSERT INTO VTL_MENU_ROLE_RLT (ID, MENU_ID, ROLE_ID, CREATE_BY, CREATE_TIME, UPDATE_BY, UPDATE_TIME) VALUES (31001005001, 1001005001, 3, 1, CURRENT_TIMESTAMP(), 1, CURRENT_TIMESTAMP());
INSERT INTO VTL_MENU_ROLE_RLT (ID, MENU_ID, ROLE_ID, CREATE_BY, CREATE_TIME, UPDATE_BY, UPDATE_TIME) VALUES (31001005002, 1001005002, 3, 1, CURRENT_TIMESTAMP(), 1, CURRENT_TIMESTAMP());
INSERT INTO VTL_MENU_ROLE_RLT (ID, MENU_ID, ROLE_ID, CREATE_BY, CREATE_TIME, UPDATE_BY, UPDATE_TIME) VALUES (31001005003, 1001005003, 3, 1, CURRENT_TIMESTAMP(), 1, CURRENT_TIMESTAMP());
INSERT INTO VTL_MENU_ROLE_RLT (ID, MENU_ID, ROLE_ID, CREATE_BY, CREATE_TIME, UPDATE_BY, UPDATE_TIME) VALUES (31001005004, 1001005004, 3, 1, CURRENT_TIMESTAMP(), 1, CURRENT_TIMESTAMP());
--INSERT INTO VTL_MENU_ROLE_RLT (ID, MENU_ID, ROLE_ID, CREATE_BY, CREATE_TIME, UPDATE_BY, UPDATE_TIME) VALUES (31001005005, 1001005005, 3, 1, CURRENT_TIMESTAMP(), 1, CURRENT_TIMESTAMP());
INSERT INTO VTL_MENU_ROLE_RLT (ID, MENU_ID, ROLE_ID, CREATE_BY, CREATE_TIME, UPDATE_BY, UPDATE_TIME) VALUES (31001005006, 1001005006, 3, 1, CURRENT_TIMESTAMP(), 1, CURRENT_TIMESTAMP());
INSERT INTO VTL_MENU_ROLE_RLT (ID, MENU_ID, ROLE_ID, CREATE_BY, CREATE_TIME, UPDATE_BY, UPDATE_TIME) VALUES (31001005007, 1001005007, 3, 1, CURRENT_TIMESTAMP(), 1, CURRENT_TIMESTAMP());
INSERT INTO VTL_MENU_ROLE_RLT (ID, MENU_ID, ROLE_ID, CREATE_BY, CREATE_TIME, UPDATE_BY, UPDATE_TIME) VALUES (31001005008, 1001005008, 3, 1, CURRENT_TIMESTAMP(), 1, CURRENT_TIMESTAMP());

INSERT INTO VTL_MENU_ROLE_RLT (ID, MENU_ID, ROLE_ID, CREATE_BY, CREATE_TIME, UPDATE_BY, UPDATE_TIME) VALUES (31001006   , 1001006   , 3, 1, CURRENT_TIMESTAMP(), 1, CURRENT_TIMESTAMP());
INSERT INTO VTL_MENU_ROLE_RLT (ID, MENU_ID, ROLE_ID, CREATE_BY, CREATE_TIME, UPDATE_BY, UPDATE_TIME) VALUES (31001006001, 1001006001, 3, 1, CURRENT_TIMESTAMP(), 1, CURRENT_TIMESTAMP());
INSERT INTO VTL_MENU_ROLE_RLT (ID, MENU_ID, ROLE_ID, CREATE_BY, CREATE_TIME, UPDATE_BY, UPDATE_TIME) VALUES (31001006002, 1001006002, 3, 1, CURRENT_TIMESTAMP(), 1, CURRENT_TIMESTAMP());
INSERT INTO VTL_MENU_ROLE_RLT (ID, MENU_ID, ROLE_ID, CREATE_BY, CREATE_TIME, UPDATE_BY, UPDATE_TIME) VALUES (31001006003, 1001006003, 3, 1, CURRENT_TIMESTAMP(), 1, CURRENT_TIMESTAMP());
INSERT INTO VTL_MENU_ROLE_RLT (ID, MENU_ID, ROLE_ID, CREATE_BY, CREATE_TIME, UPDATE_BY, UPDATE_TIME) VALUES (31001006004, 1001006004, 3, 1, CURRENT_TIMESTAMP(), 1, CURRENT_TIMESTAMP());
--INSERT INTO VTL_MENU_ROLE_RLT (ID, MENU_ID, ROLE_ID, CREATE_BY, CREATE_TIME, UPDATE_BY, UPDATE_TIME) VALUES (31001006005, 1001006005, 3, 1, CURRENT_TIMESTAMP(), 1, CURRENT_TIMESTAMP());
INSERT INTO VTL_MENU_ROLE_RLT (ID, MENU_ID, ROLE_ID, CREATE_BY, CREATE_TIME, UPDATE_BY, UPDATE_TIME) VALUES (31001006011, 1001006011, 3, 1, CURRENT_TIMESTAMP(), 1, CURRENT_TIMESTAMP());
INSERT INTO VTL_MENU_ROLE_RLT (ID, MENU_ID, ROLE_ID, CREATE_BY, CREATE_TIME, UPDATE_BY, UPDATE_TIME) VALUES (31001006012, 1001006012, 3, 1, CURRENT_TIMESTAMP(), 1, CURRENT_TIMESTAMP());
INSERT INTO VTL_MENU_ROLE_RLT (ID, MENU_ID, ROLE_ID, CREATE_BY, CREATE_TIME, UPDATE_BY, UPDATE_TIME) VALUES (31001006013, 1001006013, 3, 1, CURRENT_TIMESTAMP(), 1, CURRENT_TIMESTAMP());
INSERT INTO VTL_MENU_ROLE_RLT (ID, MENU_ID, ROLE_ID, CREATE_BY, CREATE_TIME, UPDATE_BY, UPDATE_TIME) VALUES (31001006014, 1001006014, 3, 1, CURRENT_TIMESTAMP(), 1, CURRENT_TIMESTAMP());
--INSERT INTO VTL_MENU_ROLE_RLT (ID, MENU_ID, ROLE_ID, CREATE_BY, CREATE_TIME, UPDATE_BY, UPDATE_TIME) VALUES (31001006015, 1001006015, 3, 1, CURRENT_TIMESTAMP(), 1, CURRENT_TIMESTAMP());
INSERT INTO VTL_MENU_ROLE_RLT (ID, MENU_ID, ROLE_ID, CREATE_BY, CREATE_TIME, UPDATE_BY, UPDATE_TIME) VALUES (31001006016, 1001006016, 3, 1, CURRENT_TIMESTAMP(), 1, CURRENT_TIMESTAMP());
INSERT INTO VTL_MENU_ROLE_RLT (ID, MENU_ID, ROLE_ID, CREATE_BY, CREATE_TIME, UPDATE_BY, UPDATE_TIME) VALUES (31001006017, 1001006017, 3, 1, CURRENT_TIMESTAMP(), 1, CURRENT_TIMESTAMP());

INSERT INTO VTL_MENU_ROLE_RLT (ID, MENU_ID, ROLE_ID, CREATE_BY, CREATE_TIME, UPDATE_BY, UPDATE_TIME) VALUES (31001007   , 1001007   , 3, 1, CURRENT_TIMESTAMP(), 1, CURRENT_TIMESTAMP());
INSERT INTO VTL_MENU_ROLE_RLT (ID, MENU_ID, ROLE_ID, CREATE_BY, CREATE_TIME, UPDATE_BY, UPDATE_TIME) VALUES (31001007001, 1001007001, 3, 1, CURRENT_TIMESTAMP(), 1, CURRENT_TIMESTAMP());
INSERT INTO VTL_MENU_ROLE_RLT (ID, MENU_ID, ROLE_ID, CREATE_BY, CREATE_TIME, UPDATE_BY, UPDATE_TIME) VALUES (31001007002, 1001007002, 3, 1, CURRENT_TIMESTAMP(), 1, CURRENT_TIMESTAMP());
INSERT INTO VTL_MENU_ROLE_RLT (ID, MENU_ID, ROLE_ID, CREATE_BY, CREATE_TIME, UPDATE_BY, UPDATE_TIME) VALUES (31001007003, 1001007003, 3, 1, CURRENT_TIMESTAMP(), 1, CURRENT_TIMESTAMP());
INSERT INTO VTL_MENU_ROLE_RLT (ID, MENU_ID, ROLE_ID, CREATE_BY, CREATE_TIME, UPDATE_BY, UPDATE_TIME) VALUES (31001007004, 1001007004, 3, 1, CURRENT_TIMESTAMP(), 1, CURRENT_TIMESTAMP());
--INSERT INTO VTL_MENU_ROLE_RLT (ID, MENU_ID, ROLE_ID, CREATE_BY, CREATE_TIME, UPDATE_BY, UPDATE_TIME) VALUES (31001007005, 1001007005, 3, 1, CURRENT_TIMESTAMP(), 1, CURRENT_TIMESTAMP());

INSERT INTO VTL_MENU_ROLE_RLT (ID, MENU_ID, ROLE_ID, CREATE_BY, CREATE_TIME, UPDATE_BY, UPDATE_TIME) VALUES (31002      , 1002      , 3, 1, CURRENT_TIMESTAMP(), 1, CURRENT_TIMESTAMP());
INSERT INTO VTL_MENU_ROLE_RLT (ID, MENU_ID, ROLE_ID, CREATE_BY, CREATE_TIME, UPDATE_BY, UPDATE_TIME) VALUES (31002001   , 1002001   , 3, 1, CURRENT_TIMESTAMP(), 1, CURRENT_TIMESTAMP());
INSERT INTO VTL_MENU_ROLE_RLT (ID, MENU_ID, ROLE_ID, CREATE_BY, CREATE_TIME, UPDATE_BY, UPDATE_TIME) VALUES (31002002   , 1002002   , 3, 1, CURRENT_TIMESTAMP(), 1, CURRENT_TIMESTAMP());
INSERT INTO VTL_MENU_ROLE_RLT (ID, MENU_ID, ROLE_ID, CREATE_BY, CREATE_TIME, UPDATE_BY, UPDATE_TIME) VALUES (31002002001, 1002002001, 3, 1, CURRENT_TIMESTAMP(), 1, CURRENT_TIMESTAMP());
--INSERT INTO VTL_MENU_ROLE_RLT (ID, MENU_ID, ROLE_ID, CREATE_BY, CREATE_TIME, UPDATE_BY, UPDATE_TIME) VALUES (31002002002, 1002002002, 3, 1, CURRENT_TIMESTAMP(), 1, CURRENT_TIMESTAMP());
INSERT INTO VTL_MENU_ROLE_RLT (ID, MENU_ID, ROLE_ID, CREATE_BY, CREATE_TIME, UPDATE_BY, UPDATE_TIME) VALUES (31002003   , 1002003   , 3, 1, CURRENT_TIMESTAMP(), 1, CURRENT_TIMESTAMP());
INSERT INTO VTL_MENU_ROLE_RLT (ID, MENU_ID, ROLE_ID, CREATE_BY, CREATE_TIME, UPDATE_BY, UPDATE_TIME) VALUES (31002003001, 1002003001, 3, 1, CURRENT_TIMESTAMP(), 1, CURRENT_TIMESTAMP());
--INSERT INTO VTL_MENU_ROLE_RLT (ID, MENU_ID, ROLE_ID, CREATE_BY, CREATE_TIME, UPDATE_BY, UPDATE_TIME) VALUES (31002003002, 1002003002, 3, 1, CURRENT_TIMESTAMP(), 1, CURRENT_TIMESTAMP());
INSERT INTO VTL_MENU_ROLE_RLT (ID, MENU_ID, ROLE_ID, CREATE_BY, CREATE_TIME, UPDATE_BY, UPDATE_TIME) VALUES (31002004   , 1002004   , 3, 1, CURRENT_TIMESTAMP(), 1, CURRENT_TIMESTAMP());
INSERT INTO VTL_MENU_ROLE_RLT (ID, MENU_ID, ROLE_ID, CREATE_BY, CREATE_TIME, UPDATE_BY, UPDATE_TIME) VALUES (31002004001, 1002004001, 3, 1, CURRENT_TIMESTAMP(), 1, CURRENT_TIMESTAMP());
--INSERT INTO VTL_MENU_ROLE_RLT (ID, MENU_ID, ROLE_ID, CREATE_BY, CREATE_TIME, UPDATE_BY, UPDATE_TIME) VALUES (31002004002, 1002004002, 3, 1, CURRENT_TIMESTAMP(), 1, CURRENT_TIMESTAMP());
INSERT INTO VTL_MENU_ROLE_RLT (ID, MENU_ID, ROLE_ID, CREATE_BY, CREATE_TIME, UPDATE_BY, UPDATE_TIME) VALUES (31002005   , 1002005   , 3, 1, CURRENT_TIMESTAMP(), 1, CURRENT_TIMESTAMP());
INSERT INTO VTL_MENU_ROLE_RLT (ID, MENU_ID, ROLE_ID, CREATE_BY, CREATE_TIME, UPDATE_BY, UPDATE_TIME) VALUES (31002005001, 1002005001, 3, 1, CURRENT_TIMESTAMP(), 1, CURRENT_TIMESTAMP());
--INSERT INTO VTL_MENU_ROLE_RLT (ID, MENU_ID, ROLE_ID, CREATE_BY, CREATE_TIME, UPDATE_BY, UPDATE_TIME) VALUES (31002005002, 1002005002, 3, 1, CURRENT_TIMESTAMP(), 1, CURRENT_TIMESTAMP());

INSERT INTO VTL_MENU_ROLE_RLT (ID, MENU_ID, ROLE_ID, CREATE_BY, CREATE_TIME, UPDATE_BY, UPDATE_TIME) VALUES (31003      , 1003      , 3, 1, CURRENT_TIMESTAMP(), 1, CURRENT_TIMESTAMP());
INSERT INTO VTL_MENU_ROLE_RLT (ID, MENU_ID, ROLE_ID, CREATE_BY, CREATE_TIME, UPDATE_BY, UPDATE_TIME) VALUES (31003001   , 1003001   , 3, 1, CURRENT_TIMESTAMP(), 1, CURRENT_TIMESTAMP());
INSERT INTO VTL_MENU_ROLE_RLT (ID, MENU_ID, ROLE_ID, CREATE_BY, CREATE_TIME, UPDATE_BY, UPDATE_TIME) VALUES (31003002   , 1003002   , 3, 1, CURRENT_TIMESTAMP(), 1, CURRENT_TIMESTAMP());

INSERT INTO VTL_MENU_ROLE_RLT (ID, MENU_ID, ROLE_ID, CREATE_BY, CREATE_TIME, UPDATE_BY, UPDATE_TIME) VALUES (31004      , 1004      , 3, 1, CURRENT_TIMESTAMP(), 1, CURRENT_TIMESTAMP());
INSERT INTO VTL_MENU_ROLE_RLT (ID, MENU_ID, ROLE_ID, CREATE_BY, CREATE_TIME, UPDATE_BY, UPDATE_TIME) VALUES (31004001   , 1004001   , 3, 1, CURRENT_TIMESTAMP(), 1, CURRENT_TIMESTAMP());
INSERT INTO VTL_MENU_ROLE_RLT (ID, MENU_ID, ROLE_ID, CREATE_BY, CREATE_TIME, UPDATE_BY, UPDATE_TIME) VALUES (31004002   , 1004002   , 3, 1, CURRENT_TIMESTAMP(), 1, CURRENT_TIMESTAMP());
INSERT INTO VTL_MENU_ROLE_RLT (ID, MENU_ID, ROLE_ID, CREATE_BY, CREATE_TIME, UPDATE_BY, UPDATE_TIME) VALUES (31004003   , 1004003   , 3, 1, CURRENT_TIMESTAMP(), 1, CURRENT_TIMESTAMP());
INSERT INTO VTL_MENU_ROLE_RLT (ID, MENU_ID, ROLE_ID, CREATE_BY, CREATE_TIME, UPDATE_BY, UPDATE_TIME) VALUES (31004004   , 1004004   , 3, 1, CURRENT_TIMESTAMP(), 1, CURRENT_TIMESTAMP());
--INSERT INTO VTL_MENU_ROLE_RLT (ID, MENU_ID, ROLE_ID, CREATE_BY, CREATE_TIME, UPDATE_BY, UPDATE_TIME) VALUES (31004005   , 1004005   , 3, 1, CURRENT_TIMESTAMP(), 1, CURRENT_TIMESTAMP());
INSERT INTO VTL_MENU_ROLE_RLT (ID, MENU_ID, ROLE_ID, CREATE_BY, CREATE_TIME, UPDATE_BY, UPDATE_TIME) VALUES (31004006   , 1004006   , 3, 1, CURRENT_TIMESTAMP(), 1, CURRENT_TIMESTAMP());
--INSERT INTO VTL_MENU_ROLE_RLT (ID, MENU_ID, ROLE_ID, CREATE_BY, CREATE_TIME, UPDATE_BY, UPDATE_TIME) VALUES (31004007   , 1004007   , 3, 1, CURRENT_TIMESTAMP(), 1, CURRENT_TIMESTAMP());

INSERT INTO VTL_MENU_ROLE_RLT (ID, MENU_ID, ROLE_ID, CREATE_BY, CREATE_TIME, UPDATE_BY, UPDATE_TIME) VALUES (39001      , 9001      , 3, 1, CURRENT_TIMESTAMP(), 1, CURRENT_TIMESTAMP());
INSERT INTO VTL_MENU_ROLE_RLT (ID, MENU_ID, ROLE_ID, CREATE_BY, CREATE_TIME, UPDATE_BY, UPDATE_TIME) VALUES (39001001   , 9001001   , 3, 1, CURRENT_TIMESTAMP(), 1, CURRENT_TIMESTAMP());
INSERT INTO VTL_MENU_ROLE_RLT (ID, MENU_ID, ROLE_ID, CREATE_BY, CREATE_TIME, UPDATE_BY, UPDATE_TIME) VALUES (39001002   , 9001002   , 3, 1, CURRENT_TIMESTAMP(), 1, CURRENT_TIMESTAMP());
INSERT INTO VTL_MENU_ROLE_RLT (ID, MENU_ID, ROLE_ID, CREATE_BY, CREATE_TIME, UPDATE_BY, UPDATE_TIME) VALUES (39001003   , 9001003   , 3, 1, CURRENT_TIMESTAMP(), 1, CURRENT_TIMESTAMP());
INSERT INTO VTL_MENU_ROLE_RLT (ID, MENU_ID, ROLE_ID, CREATE_BY, CREATE_TIME, UPDATE_BY, UPDATE_TIME) VALUES (39001009   , 9001009   , 3, 1, CURRENT_TIMESTAMP(), 1, CURRENT_TIMESTAMP());
INSERT INTO VTL_MENU_ROLE_RLT (ID, MENU_ID, ROLE_ID, CREATE_BY, CREATE_TIME, UPDATE_BY, UPDATE_TIME) VALUES (39001009001, 9001009001, 3, 1, CURRENT_TIMESTAMP(), 1, CURRENT_TIMESTAMP());
INSERT INTO VTL_MENU_ROLE_RLT (ID, MENU_ID, ROLE_ID, CREATE_BY, CREATE_TIME, UPDATE_BY, UPDATE_TIME) VALUES (39001009002, 9001009002, 3, 1, CURRENT_TIMESTAMP(), 1, CURRENT_TIMESTAMP());
